filename,fold,category,esc50_target,label,label_name
1-100032-A-0.wav,1,dog,0,6,DOG
1-100038-A-14.wav,1,chirping_birds,14,20,BIRDS
1-100210-A-36.wav,1,vacuum_cleaner,36,38,VACUUM
1-100210-B-36.wav,1,vacuum_cleaner,36,38,VACUUM
1-101296-A-19.wav,1,thunderstorm,19,25,THUNDER
1-101296-B-19.wav,1,thunderstorm,19,25,THUNDER
1-101336-A-30.wav,1,door_wood_knock,30,1,KNOCK
1-101404-A-34.wav,1,can_opening,34,36,CAN_OPEN
1-103298-A-9.wav,1,crow,9,15,CROW
1-103995-A-30.wav,1,door_wood_knock,30,1,KNOCK
1-103999-A-30.wav,1,door_wood_knock,30,1,KNOCK
1-104089-A-22.wav,1,clapping,22,0,CLAP
1-104089-B-22.wav,1,clapping,22,0,CLAP
1-105224-A-22.wav,1,clapping,22,0,CLAP
1-110389-A-0.wav,1,dog,0,6,DOG
1-110537-A-22.wav,1,clapping,22,0,CLAP
1-115521-A-19.wav,1,thunderstorm,19,25,THUNDER
1-115545-A-48.wav,1,fireworks,48,48,FIREWORKS
1-115545-B-48.wav,1,fireworks,48,48,FIREWORKS
1-115545-C-48.wav,1,fireworks,48,48,FIREWORKS
1-115546-A-48.wav,1,fireworks,48,48,FIREWORKS
1-115920-A-22.wav,1,clapping,22,0,CLAP
1-115920-B-22.wav,1,clapping,22,0,CLAP
1-115921-A-22.wav,1,clapping,22,0,CLAP
1-116765-A-41.wav,1,chainsaw,41,41,CHAINSAW
1-11687-A-47.wav,1,airplane,47,47,AIRPLANE
1-118206-A-31.wav,1,mouse_click,31,33,MOUSECLICK
1-118559-A-17.wav,1,pouring_water,17,23,WATER_POUR
1-119125-A-45.wav,1,train,45,45,TRAIN
1-121951-A-8.wav,1,sheep,8,14,SHEEP
1-12653-A-15.wav,1,water_drops,15,21,WATERDROP
1-12654-A-15.wav,1,water_drops,15,21,WATERDROP
1-12654-B-15.wav,1,water_drops,15,21,WATERDROP
1-13571-A-46.wav,1,church_bells,46,46,BELLS
1-13572-A-46.wav,1,church_bells,46,46,BELLS
1-13613-A-37.wav,1,clock_alarm,37,39,ALARM
1-137-A-32.wav,1,keyboard_typing,32,34,KEYBOARD
1-137296-A-16.wav,1,wind,16,22,WIND
1-14262-A-37.wav,1,clock_alarm,37,39,ALARM
1-155858-A-25.wav,1,footsteps,25,29,FOOTSTEPS
1-155858-B-25.wav,1,footsteps,25,29,FOOTSTEPS
1-155858-C-25.wav,1,footsteps,25,29,FOOTSTEPS
1-155858-D-25.wav,1,footsteps,25,29,FOOTSTEPS
1-155858-E-25.wav,1,footsteps,25,29,FOOTSTEPS
1-155858-F-25.wav,1,footsteps,25,29,FOOTSTEPS
1-15689-A-4.wav,1,frog,4,10,FROG
1-15689-B-4.wav,1,frog,4,10,FROG
1-160563-A-48.wav,1,fireworks,48,48,FIREWORKS
1-160563-B-48.wav,1,fireworks,48,48,FIREWORKS
1-16568-A-3.wav,1,cow,3,9,COW
1-16746-A-15.wav,1,water_drops,15,21,WATERDROP
1-17092-A-27.wav,1,brushing_teeth,27,30,BRUSH_TEETH
1-17092-B-27.wav,1,brushing_teeth,27,30,BRUSH_TEETH
1-17124-A-43.wav,1,car_horn,43,43,CAR_HORN
1-17150-A-12.wav,1,crackling_fire,12,18,FIRE
1-172649-A-40.wav,1,helicopter,40,40,HELICOPTER
1-172649-B-40.wav,1,helicopter,40,40,HELICOPTER
1-172649-C-40.wav,1,helicopter,40,40,HELICOPTER
1-172649-D-40.wav,1,helicopter,40,40,HELICOPTER
1-172649-E-40.wav,1,helicopter,40,40,HELICOPTER
1-172649-F-40.wav,1,helicopter,40,40,HELICOPTER
1-17295-A-29.wav,1,drinking_sipping,29,32,DRINKING
1-17367-A-10.wav,1,rain,10,16,RAIN
1-17565-A-12.wav,1,crackling_fire,12,18,FIRE
1-17585-A-7.wav,1,insects,7,13,INSECTS
1-17742-A-12.wav,1,crackling_fire,12,18,FIRE
1-17808-A-12.wav,1,crackling_fire,12,18,FIRE
1-17808-B-12.wav,1,crackling_fire,12,18,FIRE
1-1791-A-26.wav,1,laughing,26,4,LAUGH
1-17970-A-4.wav,1,frog,4,10,FROG
1-18074-A-6.wav,1,hen,6,12,HEN
1-18074-B-6.wav,1,hen,6,12,HEN
1-181071-A-40.wav,1,helicopter,40,40,HELICOPTER
1-181071-B-40.wav,1,helicopter,40,40,HELICOPTER
1-18527-A-44.wav,1,engine,44,44,ENGINE
1-18527-B-44.wav,1,engine,44,44,ENGINE
1-18631-A-23.wav,1,breathing,23,28,BREATH
1-18655-A-31.wav,1,mouse_click,31,33,MOUSECLICK
1-187207-A-20.wav,1,crying_baby,20,26,BABY_CRY
1-18755-A-4.wav,1,frog,4,10,FROG
1-18755-B-4.wav,1,frog,4,10,FROG
1-18757-A-4.wav,1,frog,4,10,FROG
1-18810-A-49.wav,1,hand_saw,49,49,HAND_SAW
1-19026-A-43.wav,1,car_horn,43,43,CAR_HORN
1-19111-A-24.wav,1,coughing,24,3,COUGH
1-19118-A-24.wav,1,coughing,24,3,COUGH
1-19501-A-7.wav,1,insects,7,13,INSECTS
1-196660-A-8.wav,1,sheep,8,14,SHEEP
1-196660-B-8.wav,1,sheep,8,14,SHEEP
1-19840-A-36.wav,1,vacuum_cleaner,36,38,VACUUM
1-19872-A-36.wav,1,vacuum_cleaner,36,38,VACUUM
1-19872-B-36.wav,1,vacuum_cleaner,36,38,VACUUM
1-19898-A-41.wav,1,chainsaw,41,41,CHAINSAW
1-19898-B-41.wav,1,chainsaw,41,41,CHAINSAW
1-19898-C-41.wav,1,chainsaw,41,41,CHAINSAW
1-20133-A-39.wav,1,glass_breaking,39,2,GLASS
1-202111-A-3.wav,1,cow,3,9,COW
1-20545-A-28.wav,1,snoring,28,31,SNORE
1-20736-A-18.wav,1,toilet_flush,18,24,TOILET
1-208757-A-2.wav,1,pig,2,8,PIG
1-208757-B-2.wav,1,pig,2,8,PIG
1-208757-C-2.wav,1,pig,2,8,PIG
1-208757-D-2.wav,1,pig,2,8,PIG
1-208757-E-2.wav,1,pig,2,8,PIG
1-211527-A-20.wav,1,crying_baby,20,26,BABY_CRY
1-211527-B-20.wav,1,crying_baby,20,26,BABY_CRY
1-211527-C-20.wav,1,crying_baby,20,26,BABY_CRY
1-21189-A-10.wav,1,rain,10,16,RAIN
1-21421-A-46.wav,1,church_bells,46,46,BELLS
1-21896-A-35.wav,1,washing_machine,35,37,WASHER
1-21934-A-38.wav,1,clock_tick,38,5,TICK
1-21935-A-38.wav,1,clock_tick,38,5,TICK
1-223162-A-25.wav,1,footsteps,25,29,FOOTSTEPS
1-22694-A-20.wav,1,crying_baby,20,26,BABY_CRY
1-22694-B-20.wav,1,crying_baby,20,26,BABY_CRY
1-22804-A-46.wav,1,church_bells,46,46,BELLS
1-22882-A-44.wav,1,engine,44,44,ENGINE
1-23094-A-15.wav,1,water_drops,15,21,WATERDROP
1-23094-B-15.wav,1,water_drops,15,21,WATERDROP
1-23222-A-19.wav,1,thunderstorm,19,25,THUNDER
1-23222-B-19.wav,1,thunderstorm,19,25,THUNDER
1-23706-A-49.wav,1,hand_saw,49,49,HAND_SAW
1-23996-A-35.wav,1,washing_machine,35,37,WASHER
1-23996-B-35.wav,1,washing_machine,35,37,WASHER
1-24074-A-43.wav,1,car_horn,43,43,CAR_HORN
1-24076-A-43.wav,1,car_horn,43,43,CAR_HORN
1-24524-A-19.wav,1,thunderstorm,19,25,THUNDER
1-24524-B-19.wav,1,thunderstorm,19,25,THUNDER
1-24524-C-19.wav,1,thunderstorm,19,25,THUNDER
1-24796-A-47.wav,1,airplane,47,47,AIRPLANE
1-254507-A-43.wav,1,car_horn,43,43,CAR_HORN
1-25777-A-48.wav,1,fireworks,48,48,FIREWORKS
1-25781-A-48.wav,1,fireworks,48,48,FIREWORKS
1-260640-A-2.wav,1,pig,2,8,PIG
1-260640-B-2.wav,1,pig,2,8,PIG
1-260640-C-2.wav,1,pig,2,8,PIG
1-26143-A-21.wav,1,sneezing,21,27,SNEEZE
1-26176-A-43.wav,1,car_horn,43,43,CAR_HORN
1-26177-A-43.wav,1,car_horn,43,43,CAR_HORN
1-26188-A-30.wav,1,door_wood_knock,30,1,KNOCK
1-26222-A-10.wav,1,rain,10,16,RAIN
1-26806-A-1.wav,1,rooster,1,7,ROOSTER
1-27165-A-35.wav,1,washing_machine,35,37,WASHER
1-27166-A-35.wav,1,washing_machine,35,37,WASHER
1-27403-A-28.wav,1,snoring,28,31,SNORE
1-27405-A-28.wav,1,snoring,28,31,SNORE
1-27724-A-1.wav,1,rooster,1,7,ROOSTER
1-28005-A-18.wav,1,toilet_flush,18,24,TOILET
1-28135-A-11.wav,1,sea_waves,11,17,SEA_WAVES
1-28135-B-11.wav,1,sea_waves,11,17,SEA_WAVES
1-28808-A-43.wav,1,car_horn,43,43,CAR_HORN
1-29532-A-16.wav,1,wind,16,22,WIND
1-29561-A-10.wav,1,rain,10,16,RAIN
1-29680-A-21.wav,1,sneezing,21,27,SNEEZE
1-30039-A-26.wav,1,laughing,26,4,LAUGH
1-30043-A-26.wav,1,laughing,26,4,LAUGH
1-30214-A-18.wav,1,toilet_flush,18,24,TOILET
1-30226-A-0.wav,1,dog,0,6,DOG
1-30344-A-0.wav,1,dog,0,6,DOG
1-30709-A-23.wav,1,breathing,23,28,BREATH
1-30709-B-23.wav,1,breathing,23,28,BREATH
1-30709-C-23.wav,1,breathing,23,28,BREATH
1-30830-A-24.wav,1,coughing,24,3,COUGH
1-31251-A-6.wav,1,hen,6,12,HEN
1-31251-B-6.wav,1,hen,6,12,HEN
1-31482-A-42.wav,1,siren,42,42,SIREN
1-31482-B-42.wav,1,siren,42,42,SIREN
1-31748-A-21.wav,1,sneezing,21,27,SNEEZE
1-31836-A-4.wav,1,frog,4,10,FROG
1-31836-B-4.wav,1,frog,4,10,FROG
1-32318-A-0.wav,1,dog,0,6,DOG
1-32373-A-35.wav,1,washing_machine,35,37,WASHER
1-32373-B-35.wav,1,washing_machine,35,37,WASHER
1-32579-A-29.wav,1,drinking_sipping,29,32,DRINKING
1-33658-A-26.wav,1,laughing,26,4,LAUGH
1-34094-A-5.wav,1,cat,5,11,CAT
1-34094-B-5.wav,1,cat,5,11,CAT
1-34119-A-1.wav,1,rooster,1,7,ROOSTER
1-34119-B-1.wav,1,rooster,1,7,ROOSTER
1-34495-A-14.wav,1,chirping_birds,14,20,BIRDS
1-34497-A-14.wav,1,chirping_birds,14,20,BIRDS
1-34853-A-37.wav,1,clock_alarm,37,39,ALARM
1-35687-A-38.wav,1,clock_tick,38,5,TICK
1-36164-A-26.wav,1,laughing,26,4,LAUGH
1-36164-B-26.wav,1,laughing,26,4,LAUGH
1-36393-A-23.wav,1,breathing,23,28,BREATH
1-36397-A-23.wav,1,breathing,23,28,BREATH
1-36400-A-23.wav,1,breathing,23,28,BREATH
1-36402-A-23.wav,1,breathing,23,28,BREATH
1-36929-A-47.wav,1,airplane,47,47,AIRPLANE
1-37226-A-29.wav,1,drinking_sipping,29,32,DRINKING
1-38559-A-14.wav,1,chirping_birds,14,20,BIRDS
1-38560-A-14.wav,1,chirping_birds,14,20,BIRDS
1-39835-A-9.wav,1,crow,9,15,CROW
1-39835-B-9.wav,1,crow,9,15,CROW
1-39901-A-11.wav,1,sea_waves,11,17,SEA_WAVES
1-39901-B-11.wav,1,sea_waves,11,17,SEA_WAVES
1-39923-A-1.wav,1,rooster,1,7,ROOSTER
1-39937-A-28.wav,1,snoring,28,31,SNORE
1-40154-A-46.wav,1,church_bells,46,46,BELLS
1-40621-A-28.wav,1,snoring,28,31,SNORE
1-40730-A-1.wav,1,rooster,1,7,ROOSTER
1-40967-A-28.wav,1,snoring,28,31,SNORE
1-41615-A-34.wav,1,can_opening,34,36,CAN_OPEN
1-4211-A-12.wav,1,crackling_fire,12,18,FIRE
1-42139-A-38.wav,1,clock_tick,38,5,TICK
1-43382-A-1.wav,1,rooster,1,7,ROOSTER
1-43760-A-11.wav,1,sea_waves,11,17,SEA_WAVES
1-43764-A-34.wav,1,can_opening,34,36,CAN_OPEN
1-43807-A-47.wav,1,airplane,47,47,AIRPLANE
1-43807-B-47.wav,1,airplane,47,47,AIRPLANE
1-43807-C-47.wav,1,airplane,47,47,AIRPLANE
1-43807-D-47.wav,1,airplane,47,47,AIRPLANE
1-44831-A-1.wav,1,rooster,1,7,ROOSTER
1-45641-A-27.wav,1,brushing_teeth,27,30,BRUSH_TEETH
1-45645-A-31.wav,1,mouse_click,31,33,MOUSECLICK
1-46040-A-14.wav,1,chirping_birds,14,20,BIRDS
1-46272-A-12.wav,1,crackling_fire,12,18,FIRE
1-46274-A-18.wav,1,toilet_flush,18,24,TOILET
1-46353-A-49.wav,1,hand_saw,49,49,HAND_SAW
1-46744-A-36.wav,1,vacuum_cleaner,36,38,VACUUM
1-46938-A-7.wav,1,insects,7,13,INSECTS
1-46938-B-7.wav,1,insects,7,13,INSECTS
1-47250-A-41.wav,1,chainsaw,41,41,CHAINSAW
1-47250-B-41.wav,1,chainsaw,41,41,CHAINSAW
1-47273-A-21.wav,1,sneezing,21,27,SNEEZE
1-47274-A-21.wav,1,sneezing,21,27,SNEEZE
1-47709-A-16.wav,1,wind,16,22,WIND
1-47714-A-16.wav,1,wind,16,22,WIND
1-47819-A-5.wav,1,cat,5,11,CAT
1-47819-B-5.wav,1,cat,5,11,CAT
1-47819-C-5.wav,1,cat,5,11,CAT
1-47923-A-28.wav,1,snoring,28,31,SNORE
1-48298-A-46.wav,1,church_bells,46,46,BELLS
1-48413-A-38.wav,1,clock_tick,38,5,TICK
1-49098-A-35.wav,1,washing_machine,35,37,WASHER
1-49409-A-8.wav,1,sheep,8,14,SHEEP
1-49409-B-8.wav,1,sheep,8,14,SHEEP
1-50060-A-10.wav,1,rain,10,16,RAIN
1-50454-A-44.wav,1,engine,44,44,ENGINE
1-50455-A-44.wav,1,engine,44,44,ENGINE
1-50623-A-15.wav,1,water_drops,15,21,WATERDROP
1-50625-A-17.wav,1,pouring_water,17,23,WATER_POUR
1-50661-A-44.wav,1,engine,44,44,ENGINE
1-50688-A-17.wav,1,pouring_water,17,23,WATER_POUR
1-51035-A-16.wav,1,wind,16,22,WIND
1-51036-A-16.wav,1,wind,16,22,WIND
1-51037-A-16.wav,1,wind,16,22,WIND
1-51147-A-25.wav,1,footsteps,25,29,FOOTSTEPS
1-51170-A-18.wav,1,toilet_flush,18,24,TOILET
1-51433-A-17.wav,1,pouring_water,17,23,WATER_POUR
1-51436-A-17.wav,1,pouring_water,17,23,WATER_POUR
1-51805-A-33.wav,1,door_wood_creaks,33,35,DOOR_CREAK
1-51805-B-33.wav,1,door_wood_creaks,33,35,DOOR_CREAK
1-51805-C-33.wav,1,door_wood_creaks,33,35,DOOR_CREAK
1-51805-D-33.wav,1,door_wood_creaks,33,35,DOOR_CREAK
1-51805-E-33.wav,1,door_wood_creaks,33,35,DOOR_CREAK
1-51805-F-33.wav,1,door_wood_creaks,33,35,DOOR_CREAK
1-51805-G-33.wav,1,door_wood_creaks,33,35,DOOR_CREAK
1-51805-H-33.wav,1,door_wood_creaks,33,35,DOOR_CREAK
1-52266-A-24.wav,1,coughing,24,3,COUGH
1-52290-A-30.wav,1,door_wood_knock,30,1,KNOCK
1-52323-A-24.wav,1,coughing,24,3,COUGH
1-53444-A-28.wav,1,snoring,28,31,SNORE
1-53467-A-47.wav,1,airplane,47,47,AIRPLANE
1-53501-A-32.wav,1,keyboard_typing,32,34,KEYBOARD
1-53663-A-24.wav,1,coughing,24,3,COUGH
1-53670-A-18.wav,1,toilet_flush,18,24,TOILET
1-54065-A-45.wav,1,train,45,45,TRAIN
1-54065-B-45.wav,1,train,45,45,TRAIN
1-54084-A-42.wav,1,siren,42,42,SIREN
1-54505-A-21.wav,1,sneezing,21,27,SNEEZE
1-54747-A-46.wav,1,church_bells,46,46,BELLS
1-54752-A-18.wav,1,toilet_flush,18,24,TOILET
1-54918-A-14.wav,1,chirping_birds,14,20,BIRDS
1-54918-B-14.wav,1,chirping_birds,14,20,BIRDS
1-54958-A-10.wav,1,rain,10,16,RAIN
1-56233-A-9.wav,1,crow,9,15,CROW
1-56234-A-9.wav,1,crow,9,15,CROW
1-56269-A-18.wav,1,toilet_flush,18,24,TOILET
1-56270-A-29.wav,1,drinking_sipping,29,32,DRINKING
1-56311-A-10.wav,1,rain,10,16,RAIN
1-56380-A-5.wav,1,cat,5,11,CAT
1-56380-B-5.wav,1,cat,5,11,CAT
1-56907-A-46.wav,1,church_bells,46,46,BELLS
1-57163-A-38.wav,1,clock_tick,38,5,TICK
1-57316-A-13.wav,1,crickets,13,19,CRICKETS
1-57318-A-13.wav,1,crickets,13,19,CRICKETS
1-57795-A-8.wav,1,sheep,8,14,SHEEP
1-58277-A-3.wav,1,cow,3,9,COW
1-58792-A-24.wav,1,coughing,24,3,COUGH
1-58846-A-34.wav,1,can_opening,34,36,CAN_OPEN
1-58923-A-27.wav,1,brushing_teeth,27,30,BRUSH_TEETH
1-58923-B-27.wav,1,brushing_teeth,27,30,BRUSH_TEETH
1-59102-A-13.wav,1,crickets,13,19,CRICKETS
1-59324-A-21.wav,1,sneezing,21,27,SNEEZE
1-59513-A-0.wav,1,dog,0,6,DOG
1-5996-A-6.wav,1,hen,6,12,HEN
1-60460-A-36.wav,1,vacuum_cleaner,36,38,VACUUM
1-60676-A-34.wav,1,can_opening,34,36,CAN_OPEN
1-60997-A-20.wav,1,crying_baby,20,26,BABY_CRY
1-60997-B-20.wav,1,crying_baby,20,26,BABY_CRY
1-61212-A-32.wav,1,keyboard_typing,32,34,KEYBOARD
1-61221-A-17.wav,1,pouring_water,17,23,WATER_POUR
1-61252-A-11.wav,1,sea_waves,11,17,SEA_WAVES
1-61261-A-44.wav,1,engine,44,44,ENGINE
1-61534-A-27.wav,1,brushing_teeth,27,30,BRUSH_TEETH
1-62509-A-45.wav,1,train,45,45,TRAIN
1-62565-A-44.wav,1,engine,44,44,ENGINE
1-62594-A-32.wav,1,keyboard_typing,32,34,KEYBOARD
1-62849-A-38.wav,1,clock_tick,38,5,TICK
1-62850-A-38.wav,1,clock_tick,38,5,TICK
1-63679-A-24.wav,1,coughing,24,3,COUGH
1-63871-A-10.wav,1,rain,10,16,RAIN
1-64398-A-41.wav,1,chainsaw,41,41,CHAINSAW
1-64398-B-41.wav,1,chainsaw,41,41,CHAINSAW
1-64473-A-45.wav,1,train,45,45,TRAIN
1-65483-A-13.wav,1,crickets,13,19,CRICKETS
1-67033-A-37.wav,1,clock_alarm,37,39,ALARM
1-67152-A-17.wav,1,pouring_water,17,23,WATER_POUR
1-67230-A-29.wav,1,drinking_sipping,29,32,DRINKING
1-67432-A-27.wav,1,brushing_teeth,27,30,BRUSH_TEETH
1-68628-A-27.wav,1,brushing_teeth,27,30,BRUSH_TEETH
1-68670-A-34.wav,1,can_opening,34,36,CAN_OPEN
1-68734-A-34.wav,1,can_opening,34,36,CAN_OPEN
1-69165-A-34.wav,1,can_opening,34,36,CAN_OPEN
1-69422-A-3.wav,1,cow,3,9,COW
1-69641-A-3.wav,1,cow,3,9,COW
1-69760-A-16.wav,1,wind,16,22,WIND
1-70300-A-45.wav,1,train,45,45,TRAIN
1-7057-A-12.wav,1,crackling_fire,12,18,FIRE
1-71030-A-6.wav,1,hen,6,12,HEN
1-72195-A-37.wav,1,clock_alarm,37,39,ALARM
1-72195-B-37.wav,1,clock_alarm,37,39,ALARM
1-72229-A-6.wav,1,hen,6,12,HEN
1-72229-B-6.wav,1,hen,6,12,HEN
1-72695-A-26.wav,1,laughing,26,4,LAUGH
1-73123-A-26.wav,1,laughing,26,4,LAUGH
1-73585-A-7.wav,1,insects,7,13,INSECTS
1-74517-A-37.wav,1,clock_alarm,37,39,ALARM
1-7456-A-13.wav,1,crickets,13,19,CRICKETS
1-75162-A-9.wav,1,crow,9,15,CROW
1-75189-A-7.wav,1,insects,7,13,INSECTS
1-75190-A-8.wav,1,sheep,8,14,SHEEP
1-76831-A-42.wav,1,siren,42,42,SIREN
1-76831-B-42.wav,1,siren,42,42,SIREN
1-76831-C-42.wav,1,siren,42,42,SIREN
1-76831-D-42.wav,1,siren,42,42,SIREN
1-76831-E-42.wav,1,siren,42,42,SIREN
1-77160-A-3.wav,1,cow,3,9,COW
1-77241-A-3.wav,1,cow,3,9,COW
1-79113-A-5.wav,1,cat,5,11,CAT
1-79146-A-29.wav,1,drinking_sipping,29,32,DRINKING
1-79220-A-17.wav,1,pouring_water,17,23,WATER_POUR
1-79236-A-36.wav,1,vacuum_cleaner,36,38,VACUUM
1-79711-A-32.wav,1,keyboard_typing,32,34,KEYBOARD
1-7973-A-7.wav,1,insects,7,13,INSECTS
1-7974-A-49.wav,1,hand_saw,49,49,HAND_SAW
1-7974-B-49.wav,1,hand_saw,49,49,HAND_SAW
1-80785-A-7.wav,1,insects,7,13,INSECTS
1-80840-A-13.wav,1,crickets,13,19,CRICKETS
1-80841-A-13.wav,1,crickets,13,19,CRICKETS
1-81001-A-30.wav,1,door_wood_knock,30,1,KNOCK
1-81001-B-30.wav,1,door_wood_knock,30,1,KNOCK
1-81269-A-3.wav,1,cow,3,9,COW
1-81851-A-31.wav,1,mouse_click,31,33,MOUSECLICK
1-81883-A-21.wav,1,sneezing,21,27,SNEEZE
1-82817-A-30.wav,1,door_wood_knock,30,1,KNOCK
1-84393-A-32.wav,1,keyboard_typing,32,34,KEYBOARD
1-84536-A-39.wav,1,glass_breaking,39,2,GLASS
1-84704-A-39.wav,1,glass_breaking,39,2,GLASS
1-84705-A-39.wav,1,glass_breaking,39,2,GLASS
1-85123-A-31.wav,1,mouse_click,31,33,MOUSECLICK
1-85168-A-39.wav,1,glass_breaking,39,2,GLASS
1-85184-A-39.wav,1,glass_breaking,39,2,GLASS
1-85362-A-0.wav,1,dog,0,6,DOG
1-85909-A-29.wav,1,drinking_sipping,29,32,DRINKING
1-87565-A-29.wav,1,drinking_sipping,29,32,DRINKING
1-88409-A-45.wav,1,train,45,45,TRAIN
1-88409-B-45.wav,1,train,45,45,TRAIN
1-88574-A-8.wav,1,sheep,8,14,SHEEP
1-88807-A-39.wav,1,glass_breaking,39,2,GLASS
1-90797-A-15.wav,1,water_drops,15,21,WATERDROP
1-91359-A-11.wav,1,sea_waves,11,17,SEA_WAVES
1-91359-B-11.wav,1,sea_waves,11,17,SEA_WAVES
1-94036-A-22.wav,1,clapping,22,0,CLAP
1-94231-A-32.wav,1,keyboard_typing,32,34,KEYBOARD
1-94231-B-32.wav,1,keyboard_typing,32,34,KEYBOARD
1-95563-A-31.wav,1,mouse_click,31,33,MOUSECLICK
1-96890-A-37.wav,1,clock_alarm,37,39,ALARM
1-96950-A-9.wav,1,crow,9,15,CROW
1-96950-B-9.wav,1,crow,9,15,CROW
1-97392-A-0.wav,1,dog,0,6,DOG
1-977-A-39.wav,1,glass_breaking,39,2,GLASS
1-97793-A-31.wav,1,mouse_click,31,33,MOUSECLICK
1-9841-A-13.wav,1,crickets,13,19,CRICKETS
1-9886-A-49.wav,1,hand_saw,49,49,HAND_SAW
1-9887-A-49.wav,1,hand_saw,49,49,HAND_SAW
1-9887-B-49.wav,1,hand_saw,49,49,HAND_SAW
1-99958-A-31.wav,1,mouse_click,31,33,MOUSECLICK
2-100648-A-43.wav,2,car_horn,43,43,CAR_HORN
2-100786-A-1.wav,2,rooster,1,7,ROOSTER
2-101676-A-10.wav,2,rain,10,16,RAIN
2-102414-A-17.wav,2,pouring_water,17,23,WATER_POUR
2-102414-B-17.wav,2,pouring_water,17,23,WATER_POUR
2-102414-C-17.wav,2,pouring_water,17,23,WATER_POUR
2-102414-D-17.wav,2,pouring_water,17,23,WATER_POUR
2-102414-E-17.wav,2,pouring_water,17,23,WATER_POUR
2-102414-F-17.wav,2,pouring_water,17,23,WATER_POUR
2-102414-G-17.wav,2,pouring_water,17,23,WATER_POUR
2-102435-A-37.wav,2,clock_alarm,37,39,ALARM
2-102567-A-35.wav,2,washing_machine,35,37,WASHER
2-102567-B-35.wav,2,washing_machine,35,37,WASHER
2-102567-C-35.wav,2,washing_machine,35,37,WASHER
2-102567-D-35.wav,2,washing_machine,35,37,WASHER
2-102568-A-35.wav,2,washing_machine,35,37,WASHER
2-102581-A-29.wav,2,drinking_sipping,29,32,DRINKING
2-102581-B-29.wav,2,drinking_sipping,29,32,DRINKING
2-102852-A-11.wav,2,sea_waves,11,17,SEA_WAVES
2-103423-A-3.wav,2,cow,3,9,COW
2-103424-A-3.wav,2,cow,3,9,COW
2-103426-A-3.wav,2,cow,3,9,COW
2-103427-A-3.wav,2,cow,3,9,COW
2-103428-A-3.wav,2,cow,3,9,COW
2-104105-A-19.wav,2,thunderstorm,19,25,THUNDER
2-104105-B-19.wav,2,thunderstorm,19,25,THUNDER
2-104168-A-32.wav,2,keyboard_typing,32,34,KEYBOARD
2-104475-A-37.wav,2,clock_alarm,37,39,ALARM
2-104476-A-37.wav,2,clock_alarm,37,39,ALARM
2-104877-A-3.wav,2,cow,3,9,COW
2-104952-A-16.wav,2,wind,16,22,WIND
2-104952-B-16.wav,2,wind,16,22,WIND
2-105270-A-47.wav,2,airplane,47,47,AIRPLANE
2-106014-A-44.wav,2,engine,44,44,ENGINE
2-106015-A-44.wav,2,engine,44,44,ENGINE
2-106015-B-44.wav,2,engine,44,44,ENGINE
2-106019-A-13.wav,2,crickets,13,19,CRICKETS
2-106072-A-36.wav,2,vacuum_cleaner,36,38,VACUUM
2-106073-A-36.wav,2,vacuum_cleaner,36,38,VACUUM
2-106486-A-44.wav,2,engine,44,44,ENGINE
2-106487-A-44.wav,2,engine,44,44,ENGINE
2-106849-A-47.wav,2,airplane,47,47,AIRPLANE
2-106881-A-39.wav,2,glass_breaking,39,2,GLASS
2-107228-A-44.wav,2,engine,44,44,ENGINE
2-107228-B-44.wav,2,engine,44,44,ENGINE
2-107351-A-20.wav,2,crying_baby,20,26,BABY_CRY
2-107351-B-20.wav,2,crying_baby,20,26,BABY_CRY
2-108017-A-24.wav,2,coughing,24,3,COUGH
2-108760-A-14.wav,2,chirping_birds,14,20,BIRDS
2-108760-B-14.wav,2,chirping_birds,14,20,BIRDS
2-108761-A-14.wav,2,chirping_birds,14,20,BIRDS
2-108763-A-9.wav,2,crow,9,15,CROW
2-108766-A-9.wav,2,crow,9,15,CROW
2-108767-A-9.wav,2,crow,9,15,CROW
2-108767-B-9.wav,2,crow,9,15,CROW
2-108767-C-9.wav,2,crow,9,15,CROW
2-109231-A-9.wav,2,crow,9,15,CROW
2-109231-B-9.wav,2,crow,9,15,CROW
2-109231-C-9.wav,2,crow,9,15,CROW
2-109316-A-32.wav,2,keyboard_typing,32,34,KEYBOARD
2-109371-A-16.wav,2,wind,16,22,WIND
2-109371-B-16.wav,2,wind,16,22,WIND
2-109371-C-16.wav,2,wind,16,22,WIND
2-109371-D-16.wav,2,wind,16,22,WIND
2-109374-A-16.wav,2,wind,16,22,WIND
2-109505-A-21.wav,2,sneezing,21,27,SNEEZE
2-109759-A-26.wav,2,laughing,26,4,LAUGH
2-109759-B-26.wav,2,laughing,26,4,LAUGH
2-110010-A-5.wav,2,cat,5,11,CAT
2-110011-A-5.wav,2,cat,5,11,CAT
2-110417-A-28.wav,2,snoring,28,31,SNORE
2-110417-B-28.wav,2,snoring,28,31,SNORE
2-110613-A-13.wav,2,crickets,13,19,CRICKETS
2-110614-A-8.wav,2,sheep,8,14,SHEEP
2-110614-B-8.wav,2,sheep,8,14,SHEEP
2-112213-A-39.wav,2,glass_breaking,39,2,GLASS
2-112213-B-39.wav,2,glass_breaking,39,2,GLASS
2-114254-A-30.wav,2,door_wood_knock,30,1,KNOCK
2-114280-A-0.wav,2,dog,0,6,DOG
2-114587-A-0.wav,2,dog,0,6,DOG
2-114609-A-28.wav,2,snoring,28,31,SNORE
2-114609-B-28.wav,2,snoring,28,31,SNORE
2-116400-A-0.wav,2,dog,0,6,DOG
2-117116-A-37.wav,2,clock_alarm,37,39,ALARM
2-117271-A-0.wav,2,dog,0,6,DOG
2-117330-A-28.wav,2,snoring,28,31,SNORE
2-117615-A-48.wav,2,fireworks,48,48,FIREWORKS
2-117615-B-48.wav,2,fireworks,48,48,FIREWORKS
2-117615-C-48.wav,2,fireworks,48,48,FIREWORKS
2-117615-D-48.wav,2,fireworks,48,48,FIREWORKS
2-117615-E-48.wav,2,fireworks,48,48,FIREWORKS
2-117616-A-48.wav,2,fireworks,48,48,FIREWORKS
2-117617-A-48.wav,2,fireworks,48,48,FIREWORKS
2-117625-A-10.wav,2,rain,10,16,RAIN
2-117795-A-3.wav,2,cow,3,9,COW
2-117795-B-3.wav,2,cow,3,9,COW
2-118072-A-0.wav,2,dog,0,6,DOG
2-118104-A-21.wav,2,sneezing,21,27,SNEEZE
2-118459-A-32.wav,2,keyboard_typing,32,34,KEYBOARD
2-118459-B-32.wav,2,keyboard_typing,32,34,KEYBOARD
2-118624-A-30.wav,2,door_wood_knock,30,1,KNOCK
2-118625-A-30.wav,2,door_wood_knock,30,1,KNOCK
2-118817-A-32.wav,2,keyboard_typing,32,34,KEYBOARD
2-118964-A-0.wav,2,dog,0,6,DOG
2-119102-A-21.wav,2,sneezing,21,27,SNEEZE
2-119139-A-31.wav,2,mouse_click,31,33,MOUSECLICK
2-119161-A-8.wav,2,sheep,8,14,SHEEP
2-119161-B-8.wav,2,sheep,8,14,SHEEP
2-119161-C-8.wav,2,sheep,8,14,SHEEP
2-119748-A-38.wav,2,clock_tick,38,5,TICK
2-120218-A-30.wav,2,door_wood_knock,30,1,KNOCK
2-120218-B-30.wav,2,door_wood_knock,30,1,KNOCK
2-120333-A-32.wav,2,keyboard_typing,32,34,KEYBOARD
2-120586-A-6.wav,2,hen,6,12,HEN
2-120587-A-6.wav,2,hen,6,12,HEN
2-121909-A-35.wav,2,washing_machine,35,37,WASHER
2-121978-A-29.wav,2,drinking_sipping,29,32,DRINKING
2-122066-A-45.wav,2,train,45,45,TRAIN
2-122066-B-45.wav,2,train,45,45,TRAIN
2-122067-A-45.wav,2,train,45,45,TRAIN
2-122067-B-45.wav,2,train,45,45,TRAIN
2-122104-A-0.wav,2,dog,0,6,DOG
2-122104-B-0.wav,2,dog,0,6,DOG
2-122616-A-14.wav,2,chirping_birds,14,20,BIRDS
2-122763-A-29.wav,2,drinking_sipping,29,32,DRINKING
2-122763-B-29.wav,2,drinking_sipping,29,32,DRINKING
2-122820-A-36.wav,2,vacuum_cleaner,36,38,VACUUM
2-122820-B-36.wav,2,vacuum_cleaner,36,38,VACUUM
2-123712-A-33.wav,2,door_wood_creaks,33,35,DOOR_CREAK
2-123896-A-24.wav,2,coughing,24,3,COUGH
2-124564-A-15.wav,2,water_drops,15,21,WATERDROP
2-124662-A-11.wav,2,sea_waves,11,17,SEA_WAVES
2-125520-A-43.wav,2,car_horn,43,43,CAR_HORN
2-125821-A-13.wav,2,crickets,13,19,CRICKETS
2-125875-A-13.wav,2,crickets,13,19,CRICKETS
2-125966-A-11.wav,2,sea_waves,11,17,SEA_WAVES
2-126433-A-17.wav,2,pouring_water,17,23,WATER_POUR
2-126756-A-29.wav,2,drinking_sipping,29,32,DRINKING
2-127108-A-38.wav,2,clock_tick,38,5,TICK
2-127109-A-6.wav,2,hen,6,12,HEN
2-128465-A-43.wav,2,car_horn,43,43,CAR_HORN
2-128465-B-43.wav,2,car_horn,43,43,CAR_HORN
2-128631-A-21.wav,2,sneezing,21,27,SNEEZE
2-130245-A-34.wav,2,can_opening,34,36,CAN_OPEN
2-130978-A-21.wav,2,sneezing,21,27,SNEEZE
2-130979-A-21.wav,2,sneezing,21,27,SNEEZE
2-131943-A-38.wav,2,clock_tick,38,5,TICK
2-132157-A-11.wav,2,sea_waves,11,17,SEA_WAVES
2-132157-B-11.wav,2,sea_waves,11,17,SEA_WAVES
2-133863-A-11.wav,2,sea_waves,11,17,SEA_WAVES
2-133889-A-30.wav,2,door_wood_knock,30,1,KNOCK
2-134049-A-6.wav,2,hen,6,12,HEN
2-134700-A-38.wav,2,clock_tick,38,5,TICK
2-134915-A-30.wav,2,door_wood_knock,30,1,KNOCK
2-135649-A-45.wav,2,train,45,45,TRAIN
2-135649-B-45.wav,2,train,45,45,TRAIN
2-135649-C-45.wav,2,train,45,45,TRAIN
2-135728-A-38.wav,2,clock_tick,38,5,TICK
2-135860-A-49.wav,2,hand_saw,49,49,HAND_SAW
2-137162-A-11.wav,2,sea_waves,11,17,SEA_WAVES
2-138257-A-31.wav,2,mouse_click,31,33,MOUSECLICK
2-138465-A-43.wav,2,car_horn,43,43,CAR_HORN
2-139748-A-15.wav,2,water_drops,15,21,WATERDROP
2-139748-B-15.wav,2,water_drops,15,21,WATERDROP
2-139749-A-15.wav,2,water_drops,15,21,WATERDROP
2-140147-A-38.wav,2,clock_tick,38,5,TICK
2-140841-A-30.wav,2,door_wood_knock,30,1,KNOCK
2-141563-A-39.wav,2,glass_breaking,39,2,GLASS
2-141584-A-38.wav,2,clock_tick,38,5,TICK
2-141681-A-36.wav,2,vacuum_cleaner,36,38,VACUUM
2-141681-B-36.wav,2,vacuum_cleaner,36,38,VACUUM
2-141682-A-36.wav,2,vacuum_cleaner,36,38,VACUUM
2-141682-B-36.wav,2,vacuum_cleaner,36,38,VACUUM
2-144031-A-34.wav,2,can_opening,34,36,CAN_OPEN
2-144137-A-43.wav,2,car_horn,43,43,CAR_HORN
2-146877-A-31.wav,2,mouse_click,31,33,MOUSECLICK
2-146877-B-31.wav,2,mouse_click,31,33,MOUSECLICK
2-151079-A-20.wav,2,crying_baby,20,26,BABY_CRY
2-152895-A-31.wav,2,mouse_click,31,33,MOUSECLICK
2-152964-A-31.wav,2,mouse_click,31,33,MOUSECLICK
2-153388-A-31.wav,2,mouse_click,31,33,MOUSECLICK
2-154688-A-31.wav,2,mouse_click,31,33,MOUSECLICK
2-155801-A-11.wav,2,sea_waves,11,17,SEA_WAVES
2-157488-A-6.wav,2,hen,6,12,HEN
2-158746-A-2.wav,2,pig,2,8,PIG
2-158746-B-2.wav,2,pig,2,8,PIG
2-158746-C-2.wav,2,pig,2,8,PIG
2-158746-D-2.wav,2,pig,2,8,PIG
2-160128-A-7.wav,2,insects,7,13,INSECTS
2-160888-A-47.wav,2,airplane,47,47,AIRPLANE
2-165801-A-48.wav,2,fireworks,48,48,FIREWORKS
2-166644-A-2.wav,2,pig,2,8,PIG
2-166644-B-2.wav,2,pig,2,8,PIG
2-166644-C-2.wav,2,pig,2,8,PIG
2-173559-A-39.wav,2,glass_breaking,39,2,GLASS
2-173607-A-39.wav,2,glass_breaking,39,2,GLASS
2-173618-A-39.wav,2,glass_breaking,39,2,GLASS
2-182508-A-8.wav,2,sheep,8,14,SHEEP
2-182508-B-8.wav,2,sheep,8,14,SHEEP
2-184077-A-49.wav,2,hand_saw,49,49,HAND_SAW
2-18766-A-12.wav,2,crackling_fire,12,18,FIRE
2-18766-B-12.wav,2,crackling_fire,12,18,FIRE
2-188822-A-40.wav,2,helicopter,40,40,HELICOPTER
2-188822-B-40.wav,2,helicopter,40,40,HELICOPTER
2-188822-C-40.wav,2,helicopter,40,40,HELICOPTER
2-188822-D-40.wav,2,helicopter,40,40,HELICOPTER
2-196688-A-8.wav,2,sheep,8,14,SHEEP
2-205966-A-16.wav,2,wind,16,22,WIND
2-209471-A-25.wav,2,footsteps,25,29,FOOTSTEPS
2-209472-A-25.wav,2,footsteps,25,29,FOOTSTEPS
2-209473-A-25.wav,2,footsteps,25,29,FOOTSTEPS
2-209474-A-25.wav,2,footsteps,25,29,FOOTSTEPS
2-209475-A-25.wav,2,footsteps,25,29,FOOTSTEPS
2-209476-A-25.wav,2,footsteps,25,29,FOOTSTEPS
2-209477-A-25.wav,2,footsteps,25,29,FOOTSTEPS
2-209478-A-25.wav,2,footsteps,25,29,FOOTSTEPS
2-250710-A-39.wav,2,glass_breaking,39,2,GLASS
2-25292-A-22.wav,2,clapping,22,0,CLAP
2-25293-A-22.wav,2,clapping,22,0,CLAP
2-262579-A-45.wav,2,train,45,45,TRAIN
2-28314-A-12.wav,2,crackling_fire,12,18,FIRE
2-28314-B-12.wav,2,crackling_fire,12,18,FIRE
2-30322-A-12.wav,2,crackling_fire,12,18,FIRE
2-30322-B-12.wav,2,crackling_fire,12,18,FIRE
2-32515-A-4.wav,2,frog,4,10,FROG
2-32515-B-4.wav,2,frog,4,10,FROG
2-32515-C-4.wav,2,frog,4,10,FROG
2-32515-D-4.wav,2,frog,4,10,FROG
2-32834-A-4.wav,2,frog,4,10,FROG
2-37806-A-40.wav,2,helicopter,40,40,HELICOPTER
2-37806-B-40.wav,2,helicopter,40,40,HELICOPTER
2-37806-C-40.wav,2,helicopter,40,40,HELICOPTER
2-37806-D-40.wav,2,helicopter,40,40,HELICOPTER
2-37870-A-2.wav,2,pig,2,8,PIG
2-39441-A-19.wav,2,thunderstorm,19,25,THUNDER
2-39443-A-19.wav,2,thunderstorm,19,25,THUNDER
2-39443-B-19.wav,2,thunderstorm,19,25,THUNDER
2-39945-A-19.wav,2,thunderstorm,19,25,THUNDER
2-39945-B-19.wav,2,thunderstorm,19,25,THUNDER
2-39945-C-19.wav,2,thunderstorm,19,25,THUNDER
2-42101-A-43.wav,2,car_horn,43,43,CAR_HORN
2-43802-A-42.wav,2,siren,42,42,SIREN
2-43806-A-42.wav,2,siren,42,42,SIREN
2-50665-A-20.wav,2,crying_baby,20,26,BABY_CRY
2-50666-A-20.wav,2,crying_baby,20,26,BABY_CRY
2-50667-A-41.wav,2,chainsaw,41,41,CHAINSAW
2-50667-B-41.wav,2,chainsaw,41,41,CHAINSAW
2-50668-A-41.wav,2,chainsaw,41,41,CHAINSAW
2-50668-B-41.wav,2,chainsaw,41,41,CHAINSAW
2-50774-A-23.wav,2,breathing,23,28,BREATH
2-51173-A-35.wav,2,washing_machine,35,37,WASHER
2-51630-A-49.wav,2,hand_saw,49,49,HAND_SAW
2-51630-B-49.wav,2,hand_saw,49,49,HAND_SAW
2-52001-A-28.wav,2,snoring,28,31,SNORE
2-52001-B-28.wav,2,snoring,28,31,SNORE
2-52085-A-4.wav,2,frog,4,10,FROG
2-52085-B-4.wav,2,frog,4,10,FROG
2-52789-A-4.wav,2,frog,4,10,FROG
2-54086-A-43.wav,2,car_horn,43,43,CAR_HORN
2-54961-A-23.wav,2,breathing,23,28,BREATH
2-54962-A-23.wav,2,breathing,23,28,BREATH
2-56926-A-46.wav,2,church_bells,46,46,BELLS
2-57191-A-46.wav,2,church_bells,46,46,BELLS
2-57733-A-22.wav,2,clapping,22,0,CLAP
2-59241-A-35.wav,2,washing_machine,35,37,WASHER
2-59321-A-49.wav,2,hand_saw,49,49,HAND_SAW
2-59565-A-46.wav,2,church_bells,46,46,BELLS
2-59566-A-46.wav,2,church_bells,46,46,BELLS
2-60180-A-49.wav,2,hand_saw,49,49,HAND_SAW
2-60180-B-49.wav,2,hand_saw,49,49,HAND_SAW
2-60791-A-26.wav,2,laughing,26,4,LAUGH
2-60794-A-26.wav,2,laughing,26,4,LAUGH
2-60795-A-26.wav,2,laughing,26,4,LAUGH
2-60900-A-22.wav,2,clapping,22,0,CLAP
2-61311-A-12.wav,2,crackling_fire,12,18,FIRE
2-61618-A-46.wav,2,church_bells,46,46,BELLS
2-62226-A-26.wav,2,laughing,26,4,LAUGH
2-64332-A-18.wav,2,toilet_flush,18,24,TOILET
2-64962-A-15.wav,2,water_drops,15,21,WATERDROP
2-64963-A-15.wav,2,water_drops,15,21,WATERDROP
2-65484-A-18.wav,2,toilet_flush,18,24,TOILET
2-65747-A-12.wav,2,crackling_fire,12,18,FIRE
2-65750-A-1.wav,2,rooster,1,7,ROOSTER
2-66205-A-23.wav,2,breathing,23,28,BREATH
2-66637-A-20.wav,2,crying_baby,20,26,BABY_CRY
2-66637-B-20.wav,2,crying_baby,20,26,BABY_CRY
2-67422-A-18.wav,2,toilet_flush,18,24,TOILET
2-68391-A-41.wav,2,chainsaw,41,41,CHAINSAW
2-68391-B-41.wav,2,chainsaw,41,41,CHAINSAW
2-68595-A-15.wav,2,water_drops,15,21,WATERDROP
2-68595-B-15.wav,2,water_drops,15,21,WATERDROP
2-69131-A-5.wav,2,cat,5,11,CAT
2-69131-B-5.wav,2,cat,5,11,CAT
2-70052-A-42.wav,2,siren,42,42,SIREN
2-70052-B-42.wav,2,siren,42,42,SIREN
2-70280-A-18.wav,2,toilet_flush,18,24,TOILET
2-70344-A-33.wav,2,door_wood_creaks,33,35,DOOR_CREAK
2-70366-A-33.wav,2,door_wood_creaks,33,35,DOOR_CREAK
2-70367-A-33.wav,2,door_wood_creaks,33,35,DOOR_CREAK
2-70936-A-42.wav,2,siren,42,42,SIREN
2-70938-A-42.wav,2,siren,42,42,SIREN
2-70939-A-42.wav,2,siren,42,42,SIREN
2-71162-A-1.wav,2,rooster,1,7,ROOSTER
2-72268-A-6.wav,2,hen,6,12,HEN
2-72547-A-14.wav,2,chirping_birds,14,20,BIRDS
2-72547-B-14.wav,2,chirping_birds,14,20,BIRDS
2-72547-C-14.wav,2,chirping_birds,14,20,BIRDS
2-72547-D-14.wav,2,chirping_birds,14,20,BIRDS
2-72677-A-18.wav,2,toilet_flush,18,24,TOILET
2-72688-A-42.wav,2,siren,42,42,SIREN
2-72970-A-10.wav,2,rain,10,16,RAIN
2-73027-A-10.wav,2,rain,10,16,RAIN
2-7321-A-33.wav,2,door_wood_creaks,33,35,DOOR_CREAK
2-73260-A-10.wav,2,rain,10,16,RAIN
2-73544-A-27.wav,2,brushing_teeth,27,30,BRUSH_TEETH
2-74361-A-47.wav,2,airplane,47,47,AIRPLANE
2-74977-A-18.wav,2,toilet_flush,18,24,TOILET
2-75726-A-6.wav,2,hen,6,12,HEN
2-76408-A-22.wav,2,clapping,22,0,CLAP
2-76408-B-22.wav,2,clapping,22,0,CLAP
2-76408-C-22.wav,2,clapping,22,0,CLAP
2-76408-D-22.wav,2,clapping,22,0,CLAP
2-76868-A-6.wav,2,hen,6,12,HEN
2-77346-A-46.wav,2,church_bells,46,46,BELLS
2-77347-A-46.wav,2,church_bells,46,46,BELLS
2-77945-A-41.wav,2,chainsaw,41,41,CHAINSAW
2-77945-B-41.wav,2,chainsaw,41,41,CHAINSAW
2-78381-A-46.wav,2,church_bells,46,46,BELLS
2-78562-A-37.wav,2,clock_alarm,37,39,ALARM
2-78562-B-37.wav,2,clock_alarm,37,39,ALARM
2-78651-A-44.wav,2,engine,44,44,ENGINE
2-78781-A-47.wav,2,airplane,47,47,AIRPLANE
2-78799-A-47.wav,2,airplane,47,47,AIRPLANE
2-79769-A-26.wav,2,laughing,26,4,LAUGH
2-79775-A-26.wav,2,laughing,26,4,LAUGH
2-80313-A-28.wav,2,snoring,28,31,SNORE
2-80482-A-20.wav,2,crying_baby,20,26,BABY_CRY
2-80844-A-13.wav,2,crickets,13,19,CRICKETS
2-81112-A-34.wav,2,can_opening,34,36,CAN_OPEN
2-81190-A-34.wav,2,can_opening,34,36,CAN_OPEN
2-81270-A-1.wav,2,rooster,1,7,ROOSTER
2-81731-A-10.wav,2,rain,10,16,RAIN
2-81970-A-7.wav,2,insects,7,13,INSECTS
2-81970-B-7.wav,2,insects,7,13,INSECTS
2-81970-C-7.wav,2,insects,7,13,INSECTS
2-82071-A-27.wav,2,brushing_teeth,27,30,BRUSH_TEETH
2-82077-A-7.wav,2,insects,7,13,INSECTS
2-82274-A-5.wav,2,cat,5,11,CAT
2-82274-B-5.wav,2,cat,5,11,CAT
2-82367-A-10.wav,2,rain,10,16,RAIN
2-82455-A-23.wav,2,breathing,23,28,BREATH
2-82538-A-21.wav,2,sneezing,21,27,SNEEZE
2-83270-A-13.wav,2,crickets,13,19,CRICKETS
2-83536-A-27.wav,2,brushing_teeth,27,30,BRUSH_TEETH
2-83667-A-34.wav,2,can_opening,34,36,CAN_OPEN
2-83688-A-34.wav,2,can_opening,34,36,CAN_OPEN
2-83934-A-5.wav,2,cat,5,11,CAT
2-83934-B-5.wav,2,cat,5,11,CAT
2-84693-A-49.wav,2,hand_saw,49,49,HAND_SAW
2-84943-A-18.wav,2,toilet_flush,18,24,TOILET
2-84965-A-23.wav,2,breathing,23,28,BREATH
2-85139-A-13.wav,2,crickets,13,19,CRICKETS
2-85292-A-24.wav,2,coughing,24,3,COUGH
2-85434-A-27.wav,2,brushing_teeth,27,30,BRUSH_TEETH
2-85471-A-34.wav,2,can_opening,34,36,CAN_OPEN
2-85945-A-18.wav,2,toilet_flush,18,24,TOILET
2-86160-A-27.wav,2,brushing_teeth,27,30,BRUSH_TEETH
2-87282-A-34.wav,2,can_opening,34,36,CAN_OPEN
2-87412-A-24.wav,2,coughing,24,3,COUGH
2-87780-A-33.wav,2,door_wood_creaks,33,35,DOOR_CREAK
2-87781-A-10.wav,2,rain,10,16,RAIN
2-87794-A-24.wav,2,coughing,24,3,COUGH
2-87795-A-24.wav,2,coughing,24,3,COUGH
2-87799-A-24.wav,2,coughing,24,3,COUGH
2-88724-A-38.wav,2,clock_tick,38,5,TICK
2-89516-A-37.wav,2,clock_alarm,37,39,ALARM
2-91912-A-33.wav,2,door_wood_creaks,33,35,DOOR_CREAK
2-91912-B-33.wav,2,door_wood_creaks,33,35,DOOR_CREAK
2-92627-A-27.wav,2,brushing_teeth,27,30,BRUSH_TEETH
2-92978-A-29.wav,2,drinking_sipping,29,32,DRINKING
2-93030-A-21.wav,2,sneezing,21,27,SNEEZE
2-94230-A-27.wav,2,brushing_teeth,27,30,BRUSH_TEETH
2-94807-A-29.wav,2,drinking_sipping,29,32,DRINKING
2-95035-A-1.wav,2,rooster,1,7,ROOSTER
2-95258-A-1.wav,2,rooster,1,7,ROOSTER
2-95258-B-1.wav,2,rooster,1,7,ROOSTER
2-95567-A-23.wav,2,breathing,23,28,BREATH
2-96033-A-13.wav,2,crickets,13,19,CRICKETS
2-96063-A-37.wav,2,clock_alarm,37,39,ALARM
2-96460-A-1.wav,2,rooster,1,7,ROOSTER
2-96654-A-47.wav,2,airplane,47,47,AIRPLANE
2-96904-A-27.wav,2,brushing_teeth,27,30,BRUSH_TEETH
2-98392-A-23.wav,2,breathing,23,28,BREATH
2-98676-A-24.wav,2,coughing,24,3,COUGH
2-98866-A-47.wav,2,airplane,47,47,AIRPLANE
2-99795-A-32.wav,2,keyboard_typing,32,34,KEYBOARD
2-99796-A-32.wav,2,keyboard_typing,32,34,KEYBOARD
2-99955-A-7.wav,2,insects,7,13,INSECTS
2-99955-B-7.wav,2,insects,7,13,INSECTS
2-99955-C-7.wav,2,insects,7,13,INSECTS
3-100018-A-18.wav,3,toilet_flush,18,24,TOILET
3-100024-A-27.wav,3,brushing_teeth,27,30,BRUSH_TEETH
3-100024-B-27.wav,3,brushing_teeth,27,30,BRUSH_TEETH
3-101381-A-33.wav,3,door_wood_creaks,33,35,DOOR_CREAK
3-101381-B-33.wav,3,door_wood_creaks,33,35,DOOR_CREAK
3-102583-A-49.wav,3,hand_saw,49,49,HAND_SAW
3-102583-B-49.wav,3,hand_saw,49,49,HAND_SAW
3-102583-C-49.wav,3,hand_saw,49,49,HAND_SAW
3-102908-A-4.wav,3,frog,4,10,FROG
3-103050-A-19.wav,3,thunderstorm,19,25,THUNDER
3-103051-A-19.wav,3,thunderstorm,19,25,THUNDER
3-103051-B-19.wav,3,thunderstorm,19,25,THUNDER
3-103051-C-19.wav,3,thunderstorm,19,25,THUNDER
3-103401-A-33.wav,3,door_wood_creaks,33,35,DOOR_CREAK
3-103401-B-33.wav,3,door_wood_creaks,33,35,DOOR_CREAK
3-103401-C-33.wav,3,door_wood_creaks,33,35,DOOR_CREAK
3-103401-D-33.wav,3,door_wood_creaks,33,35,DOOR_CREAK
3-103597-A-25.wav,3,footsteps,25,29,FOOTSTEPS
3-103598-A-25.wav,3,footsteps,25,29,FOOTSTEPS
3-103599-A-25.wav,3,footsteps,25,29,FOOTSTEPS
3-103599-B-25.wav,3,footsteps,25,29,FOOTSTEPS
3-104632-A-12.wav,3,crackling_fire,12,18,FIRE
3-104761-A-7.wav,3,insects,7,13,INSECTS
3-104761-B-7.wav,3,insects,7,13,INSECTS
3-104958-A-12.wav,3,crackling_fire,12,18,FIRE
3-105235-A-7.wav,3,insects,7,13,INSECTS
3-105236-A-7.wav,3,insects,7,13,INSECTS
3-107123-A-26.wav,3,laughing,26,4,LAUGH
3-107219-A-1.wav,3,rooster,1,7,ROOSTER
3-108160-A-23.wav,3,breathing,23,28,BREATH
3-108451-A-17.wav,3,pouring_water,17,23,WATER_POUR
3-108451-B-17.wav,3,pouring_water,17,23,WATER_POUR
3-108677-A-18.wav,3,toilet_flush,18,24,TOILET
3-108791-A-18.wav,3,toilet_flush,18,24,TOILET
3-110536-A-26.wav,3,laughing,26,4,LAUGH
3-110913-A-7.wav,3,insects,7,13,INSECTS
3-110913-B-7.wav,3,insects,7,13,INSECTS
3-110913-C-7.wav,3,insects,7,13,INSECTS
3-110913-D-7.wav,3,insects,7,13,INSECTS
3-111102-A-46.wav,3,church_bells,46,46,BELLS
3-111102-B-46.wav,3,church_bells,46,46,BELLS
3-112356-A-18.wav,3,toilet_flush,18,24,TOILET
3-112397-A-9.wav,3,crow,9,15,CROW
3-112522-A-27.wav,3,brushing_teeth,27,30,BRUSH_TEETH
3-112557-A-23.wav,3,breathing,23,28,BREATH
3-112557-B-23.wav,3,breathing,23,28,BREATH
3-115382-A-44.wav,3,engine,44,44,ENGINE
3-115387-A-47.wav,3,airplane,47,47,AIRPLANE
3-115387-B-47.wav,3,airplane,47,47,AIRPLANE
3-115387-C-47.wav,3,airplane,47,47,AIRPLANE
3-116135-A-1.wav,3,rooster,1,7,ROOSTER
3-117293-A-9.wav,3,crow,9,15,CROW
3-117504-A-16.wav,3,wind,16,22,WIND
3-117504-B-16.wav,3,wind,16,22,WIND
3-117793-A-37.wav,3,clock_alarm,37,39,ALARM
3-117883-A-37.wav,3,clock_alarm,37,39,ALARM
3-118059-A-18.wav,3,toilet_flush,18,24,TOILET
3-118069-A-27.wav,3,brushing_teeth,27,30,BRUSH_TEETH
3-118069-B-27.wav,3,brushing_teeth,27,30,BRUSH_TEETH
3-118194-A-33.wav,3,door_wood_creaks,33,35,DOOR_CREAK
3-118487-A-26.wav,3,laughing,26,4,LAUGH
3-118656-A-41.wav,3,chainsaw,41,41,CHAINSAW
3-118657-A-41.wav,3,chainsaw,41,41,CHAINSAW
3-118657-B-41.wav,3,chainsaw,41,41,CHAINSAW
3-118658-A-41.wav,3,chainsaw,41,41,CHAINSAW
3-118658-B-41.wav,3,chainsaw,41,41,CHAINSAW
3-118972-A-41.wav,3,chainsaw,41,41,CHAINSAW
3-118972-B-41.wav,3,chainsaw,41,41,CHAINSAW
3-119120-A-48.wav,3,fireworks,48,48,FIREWORKS
3-119120-B-48.wav,3,fireworks,48,48,FIREWORKS
3-119120-C-48.wav,3,fireworks,48,48,FIREWORKS
3-119120-D-48.wav,3,fireworks,48,48,FIREWORKS
3-119120-E-48.wav,3,fireworks,48,48,FIREWORKS
3-119455-A-44.wav,3,engine,44,44,ENGINE
3-119459-A-26.wav,3,laughing,26,4,LAUGH
3-120526-A-37.wav,3,clock_alarm,37,39,ALARM
3-120526-B-37.wav,3,clock_alarm,37,39,ALARM
3-120644-A-12.wav,3,crackling_fire,12,18,FIRE
3-121348-A-9.wav,3,crow,9,15,CROW
3-122110-A-46.wav,3,church_bells,46,46,BELLS
3-123086-A-28.wav,3,snoring,28,31,SNORE
3-123224-A-19.wav,3,thunderstorm,19,25,THUNDER
3-124376-A-3.wav,3,cow,3,9,COW
3-124376-B-3.wav,3,cow,3,9,COW
3-124600-A-19.wav,3,thunderstorm,19,25,THUNDER
3-124795-A-28.wav,3,snoring,28,31,SNORE
3-124925-A-9.wav,3,crow,9,15,CROW
3-124958-A-28.wav,3,snoring,28,31,SNORE
3-125418-A-24.wav,3,coughing,24,3,COUGH
3-125548-A-32.wav,3,keyboard_typing,32,34,KEYBOARD
3-126113-A-26.wav,3,laughing,26,4,LAUGH
3-126358-A-3.wav,3,cow,3,9,COW
3-126358-B-3.wav,3,cow,3,9,COW
3-126391-A-27.wav,3,brushing_teeth,27,30,BRUSH_TEETH
3-126391-B-27.wav,3,brushing_teeth,27,30,BRUSH_TEETH
3-127874-A-17.wav,3,pouring_water,17,23,WATER_POUR
3-127890-A-9.wav,3,crow,9,15,CROW
3-127890-B-9.wav,3,crow,9,15,CROW
3-127890-C-9.wav,3,crow,9,15,CROW
3-128160-A-44.wav,3,engine,44,44,ENGINE
3-128512-A-47.wav,3,airplane,47,47,AIRPLANE
3-128512-B-47.wav,3,airplane,47,47,AIRPLANE
3-129264-A-9.wav,3,crow,9,15,CROW
3-129338-A-13.wav,3,crickets,13,19,CRICKETS
3-129678-A-13.wav,3,crickets,13,19,CRICKETS
3-130330-A-22.wav,3,clapping,22,0,CLAP
3-130998-A-28.wav,3,snoring,28,31,SNORE
3-130998-B-28.wav,3,snoring,28,31,SNORE
3-131943-A-37.wav,3,clock_alarm,37,39,ALARM
3-132340-A-37.wav,3,clock_alarm,37,39,ALARM
3-132601-A-24.wav,3,coughing,24,3,COUGH
3-132747-A-26.wav,3,laughing,26,4,LAUGH
3-132830-A-32.wav,3,keyboard_typing,32,34,KEYBOARD
3-132852-A-10.wav,3,rain,10,16,RAIN
3-133977-A-29.wav,3,drinking_sipping,29,32,DRINKING
3-134049-A-1.wav,3,rooster,1,7,ROOSTER
3-134699-A-16.wav,3,wind,16,22,WIND
3-134699-B-16.wav,3,wind,16,22,WIND
3-134699-C-16.wav,3,wind,16,22,WIND
3-134802-A-13.wav,3,crickets,13,19,CRICKETS
3-135469-A-35.wav,3,washing_machine,35,37,WASHER
3-135650-A-45.wav,3,train,45,45,TRAIN
3-135650-B-45.wav,3,train,45,45,TRAIN
3-136288-A-0.wav,3,dog,0,6,DOG
3-136451-A-45.wav,3,train,45,45,TRAIN
3-136608-A-16.wav,3,wind,16,22,WIND
3-137152-A-1.wav,3,rooster,1,7,ROOSTER
3-138114-A-22.wav,3,clapping,22,0,CLAP
3-138212-A-45.wav,3,train,45,45,TRAIN
3-139109-A-46.wav,3,church_bells,46,46,BELLS
3-139331-A-27.wav,3,brushing_teeth,27,30,BRUSH_TEETH
3-139958-A-37.wav,3,clock_alarm,37,39,ALARM
3-140199-A-8.wav,3,sheep,8,14,SHEEP
3-140199-B-8.wav,3,sheep,8,14,SHEEP
3-140199-C-8.wav,3,sheep,8,14,SHEEP
3-140199-D-8.wav,3,sheep,8,14,SHEEP
3-140323-A-29.wav,3,drinking_sipping,29,32,DRINKING
3-140774-A-10.wav,3,rain,10,16,RAIN
3-141240-A-44.wav,3,engine,44,44,ENGINE
3-141240-B-44.wav,3,engine,44,44,ENGINE
3-141559-A-45.wav,3,train,45,45,TRAIN
3-141684-A-21.wav,3,sneezing,21,27,SNEEZE
3-142005-A-10.wav,3,rain,10,16,RAIN
3-142006-A-10.wav,3,rain,10,16,RAIN
3-142349-A-17.wav,3,pouring_water,17,23,WATER_POUR
3-142593-A-38.wav,3,clock_tick,38,5,TICK
3-142601-A-21.wav,3,sneezing,21,27,SNEEZE
3-142604-A-24.wav,3,coughing,24,3,COUGH
3-142605-A-21.wav,3,sneezing,21,27,SNEEZE
3-143119-A-21.wav,3,sneezing,21,27,SNEEZE
3-143560-A-47.wav,3,airplane,47,47,AIRPLANE
3-143562-A-47.wav,3,airplane,47,47,AIRPLANE
3-143929-A-10.wav,3,rain,10,16,RAIN
3-143933-A-38.wav,3,clock_tick,38,5,TICK
3-144028-A-0.wav,3,dog,0,6,DOG
3-144106-A-32.wav,3,keyboard_typing,32,34,KEYBOARD
3-144120-A-32.wav,3,keyboard_typing,32,34,KEYBOARD
3-144128-A-23.wav,3,breathing,23,28,BREATH
3-144128-B-23.wav,3,breathing,23,28,BREATH
3-144253-A-29.wav,3,drinking_sipping,29,32,DRINKING
3-144259-A-29.wav,3,drinking_sipping,29,32,DRINKING
3-144510-A-30.wav,3,door_wood_knock,30,1,KNOCK
3-144692-A-21.wav,3,sneezing,21,27,SNEEZE
3-144827-A-11.wav,3,sea_waves,11,17,SEA_WAVES
3-144827-B-11.wav,3,sea_waves,11,17,SEA_WAVES
3-144891-A-19.wav,3,thunderstorm,19,25,THUNDER
3-144891-B-19.wav,3,thunderstorm,19,25,THUNDER
3-145382-A-1.wav,3,rooster,1,7,ROOSTER
3-145387-A-29.wav,3,drinking_sipping,29,32,DRINKING
3-145487-A-24.wav,3,coughing,24,3,COUGH
3-145577-A-43.wav,3,car_horn,43,43,CAR_HORN
3-145719-A-17.wav,3,pouring_water,17,23,WATER_POUR
3-145774-A-12.wav,3,crackling_fire,12,18,FIRE
3-146033-A-13.wav,3,crickets,13,19,CRICKETS
3-146186-A-44.wav,3,engine,44,44,ENGINE
3-146697-A-43.wav,3,car_horn,43,43,CAR_HORN
3-146873-A-24.wav,3,coughing,24,3,COUGH
3-146964-A-5.wav,3,cat,5,11,CAT
3-146965-A-5.wav,3,cat,5,11,CAT
3-146972-A-5.wav,3,cat,5,11,CAT
3-147342-A-34.wav,3,can_opening,34,36,CAN_OPEN
3-147343-A-34.wav,3,can_opening,34,36,CAN_OPEN
3-147965-A-12.wav,3,crackling_fire,12,18,FIRE
3-148297-A-37.wav,3,clock_alarm,37,39,ALARM
3-148330-A-21.wav,3,sneezing,21,27,SNEEZE
3-148932-A-34.wav,3,can_opening,34,36,CAN_OPEN
3-149042-A-24.wav,3,coughing,24,3,COUGH
3-149189-A-1.wav,3,rooster,1,7,ROOSTER
3-149448-A-17.wav,3,pouring_water,17,23,WATER_POUR
3-149465-A-22.wav,3,clapping,22,0,CLAP
3-150231-A-21.wav,3,sneezing,21,27,SNEEZE
3-150363-A-38.wav,3,clock_tick,38,5,TICK
3-150979-A-40.wav,3,helicopter,40,40,HELICOPTER
3-150979-B-40.wav,3,helicopter,40,40,HELICOPTER
3-150979-C-40.wav,3,helicopter,40,40,HELICOPTER
3-151080-A-20.wav,3,crying_baby,20,26,BABY_CRY
3-151081-A-20.wav,3,crying_baby,20,26,BABY_CRY
3-151081-B-20.wav,3,crying_baby,20,26,BABY_CRY
3-151089-A-30.wav,3,door_wood_knock,30,1,KNOCK
3-151206-A-23.wav,3,breathing,23,28,BREATH
3-151212-A-24.wav,3,coughing,24,3,COUGH
3-151213-A-24.wav,3,coughing,24,3,COUGH
3-151255-A-28.wav,3,snoring,28,31,SNORE
3-151269-A-35.wav,3,washing_machine,35,37,WASHER
3-151273-A-35.wav,3,washing_machine,35,37,WASHER
3-151557-A-28.wav,3,snoring,28,31,SNORE
3-151557-B-28.wav,3,snoring,28,31,SNORE
3-152007-A-20.wav,3,crying_baby,20,26,BABY_CRY
3-152007-B-20.wav,3,crying_baby,20,26,BABY_CRY
3-152007-C-20.wav,3,crying_baby,20,26,BABY_CRY
3-152007-D-20.wav,3,crying_baby,20,26,BABY_CRY
3-152007-E-20.wav,3,crying_baby,20,26,BABY_CRY
3-152020-A-36.wav,3,vacuum_cleaner,36,38,VACUUM
3-152020-B-36.wav,3,vacuum_cleaner,36,38,VACUUM
3-152020-C-36.wav,3,vacuum_cleaner,36,38,VACUUM
3-152039-A-3.wav,3,cow,3,9,COW
3-152039-B-3.wav,3,cow,3,9,COW
3-152594-A-30.wav,3,door_wood_knock,30,1,KNOCK
3-152912-A-26.wav,3,laughing,26,4,LAUGH
3-152997-A-26.wav,3,laughing,26,4,LAUGH
3-153057-A-43.wav,3,car_horn,43,43,CAR_HORN
3-153444-A-32.wav,3,keyboard_typing,32,34,KEYBOARD
3-154378-A-30.wav,3,door_wood_knock,30,1,KNOCK
3-154439-A-17.wav,3,pouring_water,17,23,WATER_POUR
3-154758-A-44.wav,3,engine,44,44,ENGINE
3-154781-A-32.wav,3,keyboard_typing,32,34,KEYBOARD
3-154926-A-40.wav,3,helicopter,40,40,HELICOPTER
3-154926-B-40.wav,3,helicopter,40,40,HELICOPTER
3-154957-A-1.wav,3,rooster,1,7,ROOSTER
3-155130-A-43.wav,3,car_horn,43,43,CAR_HORN
3-155234-A-43.wav,3,car_horn,43,43,CAR_HORN
3-155312-A-0.wav,3,dog,0,6,DOG
3-155556-A-31.wav,3,mouse_click,31,33,MOUSECLICK
3-155568-A-32.wav,3,keyboard_typing,32,34,KEYBOARD
3-155570-A-32.wav,3,keyboard_typing,32,34,KEYBOARD
3-155577-A-14.wav,3,chirping_birds,14,20,BIRDS
3-155578-A-14.wav,3,chirping_birds,14,20,BIRDS
3-155579-A-14.wav,3,chirping_birds,14,20,BIRDS
3-155583-A-14.wav,3,chirping_birds,14,20,BIRDS
3-155584-A-14.wav,3,chirping_birds,14,20,BIRDS
3-155642-A-11.wav,3,sea_waves,11,17,SEA_WAVES
3-155642-B-11.wav,3,sea_waves,11,17,SEA_WAVES
3-155659-A-34.wav,3,can_opening,34,36,CAN_OPEN
3-155766-A-13.wav,3,crickets,13,19,CRICKETS
3-156391-A-35.wav,3,washing_machine,35,37,WASHER
3-156393-A-35.wav,3,washing_machine,35,37,WASHER
3-156558-A-21.wav,3,sneezing,21,27,SNEEZE
3-156581-A-14.wav,3,chirping_birds,14,20,BIRDS
3-156581-B-14.wav,3,chirping_birds,14,20,BIRDS
3-156907-A-15.wav,3,water_drops,15,21,WATERDROP
3-157149-A-10.wav,3,rain,10,16,RAIN
3-157187-A-12.wav,3,crackling_fire,12,18,FIRE
3-157487-A-10.wav,3,rain,10,16,RAIN
3-157492-A-45.wav,3,train,45,45,TRAIN
3-157615-A-10.wav,3,rain,10,16,RAIN
3-157695-A-0.wav,3,dog,0,6,DOG
3-158056-A-31.wav,3,mouse_click,31,33,MOUSECLICK
3-158056-B-31.wav,3,mouse_click,31,33,MOUSECLICK
3-158476-A-12.wav,3,crackling_fire,12,18,FIRE
3-159346-A-36.wav,3,vacuum_cleaner,36,38,VACUUM
3-159346-B-36.wav,3,vacuum_cleaner,36,38,VACUUM
3-159347-A-36.wav,3,vacuum_cleaner,36,38,VACUUM
3-159347-B-36.wav,3,vacuum_cleaner,36,38,VACUUM
3-159348-A-36.wav,3,vacuum_cleaner,36,38,VACUUM
3-159445-A-45.wav,3,train,45,45,TRAIN
3-159445-B-45.wav,3,train,45,45,TRAIN
3-160119-A-15.wav,3,water_drops,15,21,WATERDROP
3-160993-A-3.wav,3,cow,3,9,COW
3-161010-A-43.wav,3,car_horn,43,43,CAR_HORN
3-161500-A-17.wav,3,pouring_water,17,23,WATER_POUR
3-162786-A-13.wav,3,crickets,13,19,CRICKETS
3-163288-A-1.wav,3,rooster,1,7,ROOSTER
3-163459-A-0.wav,3,dog,0,6,DOG
3-163607-A-13.wav,3,crickets,13,19,CRICKETS
3-163607-B-13.wav,3,crickets,13,19,CRICKETS
3-163727-A-3.wav,3,cow,3,9,COW
3-164120-A-11.wav,3,sea_waves,11,17,SEA_WAVES
3-164216-A-6.wav,3,hen,6,12,HEN
3-164216-B-6.wav,3,hen,6,12,HEN
3-164216-C-6.wav,3,hen,6,12,HEN
3-164592-A-15.wav,3,water_drops,15,21,WATERDROP
3-164593-A-15.wav,3,water_drops,15,21,WATERDROP
3-164594-A-15.wav,3,water_drops,15,21,WATERDROP
3-164595-A-15.wav,3,water_drops,15,21,WATERDROP
3-164630-A-11.wav,3,sea_waves,11,17,SEA_WAVES
3-164688-A-38.wav,3,clock_tick,38,5,TICK
3-165856-A-41.wav,3,chainsaw,41,41,CHAINSAW
3-166125-A-23.wav,3,breathing,23,28,BREATH
3-166125-B-23.wav,3,breathing,23,28,BREATH
3-166324-A-15.wav,3,water_drops,15,21,WATERDROP
3-166326-A-15.wav,3,water_drops,15,21,WATERDROP
3-166422-A-11.wav,3,sea_waves,11,17,SEA_WAVES
3-166546-A-34.wav,3,can_opening,34,36,CAN_OPEN
3-166546-B-34.wav,3,can_opening,34,36,CAN_OPEN
3-167096-A-31.wav,3,mouse_click,31,33,MOUSECLICK
3-169907-A-29.wav,3,drinking_sipping,29,32,DRINKING
3-170002-A-34.wav,3,can_opening,34,36,CAN_OPEN
3-170015-A-0.wav,3,dog,0,6,DOG
3-170312-A-31.wav,3,mouse_click,31,33,MOUSECLICK
3-170377-A-38.wav,3,clock_tick,38,5,TICK
3-170383-A-38.wav,3,clock_tick,38,5,TICK
3-170574-A-30.wav,3,door_wood_knock,30,1,KNOCK
3-170851-A-31.wav,3,mouse_click,31,33,MOUSECLICK
3-171012-A-38.wav,3,clock_tick,38,5,TICK
3-171041-A-38.wav,3,clock_tick,38,5,TICK
3-171281-A-6.wav,3,hen,6,12,HEN
3-171937-A-34.wav,3,can_opening,34,36,CAN_OPEN
3-172179-A-31.wav,3,mouse_click,31,33,MOUSECLICK
3-172881-A-48.wav,3,fireworks,48,48,FIREWORKS
3-172922-A-48.wav,3,fireworks,48,48,FIREWORKS
3-174840-A-43.wav,3,car_horn,43,43,CAR_HORN
3-174866-A-29.wav,3,drinking_sipping,29,32,DRINKING
3-177082-A-22.wav,3,clapping,22,0,CLAP
3-177083-A-22.wav,3,clapping,22,0,CLAP
3-178096-A-6.wav,3,hen,6,12,HEN
3-180147-A-30.wav,3,door_wood_knock,30,1,KNOCK
3-180256-A-0.wav,3,dog,0,6,DOG
3-180977-A-0.wav,3,dog,0,6,DOG
3-181132-A-14.wav,3,chirping_birds,14,20,BIRDS
3-181278-A-22.wav,3,clapping,22,0,CLAP
3-182023-A-30.wav,3,door_wood_knock,30,1,KNOCK
3-182025-A-30.wav,3,door_wood_knock,30,1,KNOCK
3-182710-A-35.wav,3,washing_machine,35,37,WASHER
3-182710-B-35.wav,3,washing_machine,35,37,WASHER
3-185313-A-31.wav,3,mouse_click,31,33,MOUSECLICK
3-185456-A-29.wav,3,drinking_sipping,29,32,DRINKING
3-187549-A-6.wav,3,hen,6,12,HEN
3-187549-B-6.wav,3,hen,6,12,HEN
3-187710-A-11.wav,3,sea_waves,11,17,SEA_WAVES
3-188390-A-6.wav,3,hen,6,12,HEN
3-188726-A-35.wav,3,washing_machine,35,37,WASHER
3-193767-A-47.wav,3,airplane,47,47,AIRPLANE
3-197408-A-8.wav,3,sheep,8,14,SHEEP
3-197408-B-8.wav,3,sheep,8,14,SHEEP
3-197408-C-8.wav,3,sheep,8,14,SHEEP
3-197435-A-22.wav,3,clapping,22,0,CLAP
3-197435-B-22.wav,3,clapping,22,0,CLAP
3-203371-A-39.wav,3,glass_breaking,39,2,GLASS
3-203373-A-39.wav,3,glass_breaking,39,2,GLASS
3-203374-A-39.wav,3,glass_breaking,39,2,GLASS
3-203375-A-39.wav,3,glass_breaking,39,2,GLASS
3-203377-A-39.wav,3,glass_breaking,39,2,GLASS
3-20861-A-8.wav,3,sheep,8,14,SHEEP
3-208820-A-49.wav,3,hand_saw,49,49,HAND_SAW
3-216280-A-39.wav,3,glass_breaking,39,2,GLASS
3-216281-A-39.wav,3,glass_breaking,39,2,GLASS
3-216284-A-39.wav,3,glass_breaking,39,2,GLASS
3-233151-A-2.wav,3,pig,2,8,PIG
3-243726-A-43.wav,3,car_horn,43,43,CAR_HORN
3-246513-A-16.wav,3,wind,16,22,WIND
3-246513-B-16.wav,3,wind,16,22,WIND
3-249913-A-25.wav,3,footsteps,25,29,FOOTSTEPS
3-251617-A-48.wav,3,fireworks,48,48,FIREWORKS
3-253081-A-2.wav,3,pig,2,8,PIG
3-253084-A-2.wav,3,pig,2,8,PIG
3-253084-B-2.wav,3,pig,2,8,PIG
3-253084-C-2.wav,3,pig,2,8,PIG
3-253084-D-2.wav,3,pig,2,8,PIG
3-253084-E-2.wav,3,pig,2,8,PIG
3-257858-A-2.wav,3,pig,2,8,PIG
3-259622-A-44.wav,3,engine,44,44,ENGINE
3-51376-A-42.wav,3,siren,42,42,SIREN
3-51731-A-42.wav,3,siren,42,42,SIREN
3-51731-B-42.wav,3,siren,42,42,SIREN
3-51909-A-42.wav,3,siren,42,42,SIREN
3-51909-B-42.wav,3,siren,42,42,SIREN
3-58772-A-42.wav,3,siren,42,42,SIREN
3-62878-A-42.wav,3,siren,42,42,SIREN
3-62878-B-42.wav,3,siren,42,42,SIREN
3-65748-A-12.wav,3,crackling_fire,12,18,FIRE
3-68630-A-40.wav,3,helicopter,40,40,HELICOPTER
3-68630-B-40.wav,3,helicopter,40,40,HELICOPTER
3-68630-C-40.wav,3,helicopter,40,40,HELICOPTER
3-70962-A-4.wav,3,frog,4,10,FROG
3-70962-B-4.wav,3,frog,4,10,FROG
3-70962-C-4.wav,3,frog,4,10,FROG
3-71964-A-4.wav,3,frog,4,10,FROG
3-71964-B-4.wav,3,frog,4,10,FROG
3-71964-C-4.wav,3,frog,4,10,FROG
3-83527-A-4.wav,3,frog,4,10,FROG
3-87936-A-46.wav,3,church_bells,46,46,BELLS
3-87936-B-46.wav,3,church_bells,46,46,BELLS
3-92637-A-18.wav,3,toilet_flush,18,24,TOILET
3-93010-A-18.wav,3,toilet_flush,18,24,TOILET
3-94342-A-25.wav,3,footsteps,25,29,FOOTSTEPS
3-94343-A-25.wav,3,footsteps,25,29,FOOTSTEPS
3-94344-A-25.wav,3,footsteps,25,29,FOOTSTEPS
3-94355-A-33.wav,3,door_wood_creaks,33,35,DOOR_CREAK
3-95694-A-5.wav,3,cat,5,11,CAT
3-95695-A-5.wav,3,cat,5,11,CAT
3-95695-B-5.wav,3,cat,5,11,CAT
3-95697-A-5.wav,3,cat,5,11,CAT
3-95698-A-5.wav,3,cat,5,11,CAT
3-96606-A-49.wav,3,hand_saw,49,49,HAND_SAW
3-96606-B-49.wav,3,hand_saw,49,49,HAND_SAW
3-97909-A-49.wav,3,hand_saw,49,49,HAND_SAW
3-97909-B-49.wav,3,hand_saw,49,49,HAND_SAW
3-98193-A-46.wav,3,church_bells,46,46,BELLS
3-98771-A-18.wav,3,toilet_flush,18,24,TOILET
3-98869-A-46.wav,3,church_bells,46,46,BELLS
4-102844-A-49.wav,4,hand_saw,49,49,HAND_SAW
4-102844-B-49.wav,4,hand_saw,49,49,HAND_SAW
4-102844-C-49.wav,4,hand_saw,49,49,HAND_SAW
4-102871-A-42.wav,4,siren,42,42,SIREN
4-107117-A-33.wav,4,door_wood_creaks,33,35,DOOR_CREAK
4-107120-A-33.wav,4,door_wood_creaks,33,35,DOOR_CREAK
4-107122-A-33.wav,4,door_wood_creaks,33,35,DOOR_CREAK
4-108352-A-33.wav,4,door_wood_creaks,33,35,DOOR_CREAK
4-111671-A-42.wav,4,siren,42,42,SIREN
4-111671-B-42.wav,4,siren,42,42,SIREN
4-117627-A-25.wav,4,footsteps,25,29,FOOTSTEPS
4-117630-A-25.wav,4,footsteps,25,29,FOOTSTEPS
4-119647-A-48.wav,4,fireworks,48,48,FIREWORKS
4-119647-B-48.wav,4,fireworks,48,48,FIREWORKS
4-119647-C-48.wav,4,fireworks,48,48,FIREWORKS
4-119647-D-48.wav,4,fireworks,48,48,FIREWORKS
4-119648-A-48.wav,4,fireworks,48,48,FIREWORKS
4-119648-B-48.wav,4,fireworks,48,48,FIREWORKS
4-119648-C-48.wav,4,fireworks,48,48,FIREWORKS
4-119648-D-48.wav,4,fireworks,48,48,FIREWORKS
4-119720-A-18.wav,4,toilet_flush,18,24,TOILET
4-120160-A-5.wav,4,cat,5,11,CAT
4-121532-A-42.wav,4,siren,42,42,SIREN
4-123680-A-18.wav,4,toilet_flush,18,24,TOILET
4-125070-A-19.wav,4,thunderstorm,19,25,THUNDER
4-125071-A-19.wav,4,thunderstorm,19,25,THUNDER
4-125072-A-19.wav,4,thunderstorm,19,25,THUNDER
4-125072-B-19.wav,4,thunderstorm,19,25,THUNDER
4-125825-A-46.wav,4,church_bells,46,46,BELLS
4-125825-B-46.wav,4,church_bells,46,46,BELLS
4-125929-A-40.wav,4,helicopter,40,40,HELICOPTER
4-126046-A-18.wav,4,toilet_flush,18,24,TOILET
4-126532-A-18.wav,4,toilet_flush,18,24,TOILET
4-128659-A-33.wav,4,door_wood_creaks,33,35,DOOR_CREAK
4-130584-A-4.wav,4,frog,4,10,FROG
4-130891-A-7.wav,4,insects,7,13,INSECTS
4-132383-A-2.wav,4,pig,2,8,PIG
4-132383-B-2.wav,4,pig,2,8,PIG
4-132803-A-26.wav,4,laughing,26,4,LAUGH
4-132810-A-26.wav,4,laughing,26,4,LAUGH
4-132816-A-26.wav,4,laughing,26,4,LAUGH
4-132839-A-33.wav,4,door_wood_creaks,33,35,DOOR_CREAK
4-133047-A-5.wav,4,cat,5,11,CAT
4-133047-B-5.wav,4,cat,5,11,CAT
4-133047-C-5.wav,4,cat,5,11,CAT
4-133674-A-26.wav,4,laughing,26,4,LAUGH
4-133895-A-7.wav,4,insects,7,13,INSECTS
4-135439-A-18.wav,4,toilet_flush,18,24,TOILET
4-136381-A-9.wav,4,crow,9,15,CROW
4-138344-A-9.wav,4,crow,9,15,CROW
4-140034-A-46.wav,4,church_bells,46,46,BELLS
4-141365-A-18.wav,4,toilet_flush,18,24,TOILET
4-143118-A-7.wav,4,insects,7,13,INSECTS
4-143118-B-7.wav,4,insects,7,13,INSECTS
4-144083-A-16.wav,4,wind,16,22,WIND
4-144083-B-16.wav,4,wind,16,22,WIND
4-144083-C-16.wav,4,wind,16,22,WIND
4-144085-A-16.wav,4,wind,16,22,WIND
4-144468-A-27.wav,4,brushing_teeth,27,30,BRUSH_TEETH
4-144468-B-27.wav,4,brushing_teeth,27,30,BRUSH_TEETH
4-145006-A-18.wav,4,toilet_flush,18,24,TOILET
4-145081-A-9.wav,4,crow,9,15,CROW
4-146200-A-36.wav,4,vacuum_cleaner,36,38,VACUUM
4-147240-A-2.wav,4,pig,2,8,PIG
4-147240-B-2.wav,4,pig,2,8,PIG
4-147657-A-46.wav,4,church_bells,46,46,BELLS
4-147658-A-46.wav,4,church_bells,46,46,BELLS
4-149294-A-41.wav,4,chainsaw,41,41,CHAINSAW
4-149294-B-41.wav,4,chainsaw,41,41,CHAINSAW
4-149940-A-5.wav,4,cat,5,11,CAT
4-149940-B-5.wav,4,cat,5,11,CAT
4-150364-A-46.wav,4,church_bells,46,46,BELLS
4-150364-B-46.wav,4,church_bells,46,46,BELLS
4-151242-A-37.wav,4,clock_alarm,37,39,ALARM
4-152958-A-18.wav,4,toilet_flush,18,24,TOILET
4-152995-A-24.wav,4,coughing,24,3,COUGH
4-154405-A-27.wav,4,brushing_teeth,27,30,BRUSH_TEETH
4-154405-B-27.wav,4,brushing_teeth,27,30,BRUSH_TEETH
4-154443-A-24.wav,4,coughing,24,3,COUGH
4-154793-A-4.wav,4,frog,4,10,FROG
4-155650-A-24.wav,4,coughing,24,3,COUGH
4-155650-B-24.wav,4,coughing,24,3,COUGH
4-155670-A-26.wav,4,laughing,26,4,LAUGH
4-156227-A-9.wav,4,crow,9,15,CROW
4-156827-A-46.wav,4,church_bells,46,46,BELLS
4-156843-A-21.wav,4,sneezing,21,27,SNEEZE
4-156844-A-21.wav,4,sneezing,21,27,SNEEZE
4-156993-A-19.wav,4,thunderstorm,19,25,THUNDER
4-157296-A-24.wav,4,coughing,24,3,COUGH
4-157297-A-21.wav,4,sneezing,21,27,SNEEZE
4-157611-A-41.wav,4,chainsaw,41,41,CHAINSAW
4-157611-B-41.wav,4,chainsaw,41,41,CHAINSAW
4-158653-A-32.wav,4,keyboard_typing,32,34,KEYBOARD
4-159426-A-9.wav,4,crow,9,15,CROW
4-159609-A-14.wav,4,chirping_birds,14,20,BIRDS
4-159609-B-14.wav,4,chirping_birds,14,20,BIRDS
4-160036-A-33.wav,4,door_wood_creaks,33,35,DOOR_CREAK
4-160036-B-33.wav,4,door_wood_creaks,33,35,DOOR_CREAK
4-160999-A-10.wav,4,rain,10,16,RAIN
4-161099-A-47.wav,4,airplane,47,47,AIRPLANE
4-161099-B-47.wav,4,airplane,47,47,AIRPLANE
4-161100-A-47.wav,4,airplane,47,47,AIRPLANE
4-161103-A-47.wav,4,airplane,47,47,AIRPLANE
4-161105-A-47.wav,4,airplane,47,47,AIRPLANE
4-161105-B-47.wav,4,airplane,47,47,AIRPLANE
4-161127-A-10.wav,4,rain,10,16,RAIN
4-161303-A-5.wav,4,cat,5,11,CAT
4-161303-B-5.wav,4,cat,5,11,CAT
4-161519-A-19.wav,4,thunderstorm,19,25,THUNDER
4-161579-A-40.wav,4,helicopter,40,40,HELICOPTER
4-161579-B-40.wav,4,helicopter,40,40,HELICOPTER
4-163264-A-10.wav,4,rain,10,16,RAIN
4-163606-A-16.wav,4,wind,16,22,WIND
4-163608-B-16.wav,4,wind,16,22,WIND
4-163609-A-16.wav,4,wind,16,22,WIND
4-163609-B-16.wav,4,wind,16,22,WIND
4-163697-A-13.wav,4,crickets,13,19,CRICKETS
4-164021-A-1.wav,4,rooster,1,7,ROOSTER
4-164064-A-1.wav,4,rooster,1,7,ROOSTER
4-164064-B-1.wav,4,rooster,1,7,ROOSTER
4-164064-C-1.wav,4,rooster,1,7,ROOSTER
4-164206-A-10.wav,4,rain,10,16,RAIN
4-164243-A-26.wav,4,laughing,26,4,LAUGH
4-164661-A-12.wav,4,crackling_fire,12,18,FIRE
4-164661-B-12.wav,4,crackling_fire,12,18,FIRE
4-164859-A-1.wav,4,rooster,1,7,ROOSTER
4-165606-A-45.wav,4,train,45,45,TRAIN
4-165791-A-45.wav,4,train,45,45,TRAIN
4-165791-B-45.wav,4,train,45,45,TRAIN
4-165813-A-19.wav,4,thunderstorm,19,25,THUNDER
4-165813-B-19.wav,4,thunderstorm,19,25,THUNDER
4-165823-A-41.wav,4,chainsaw,41,41,CHAINSAW
4-165823-B-41.wav,4,chainsaw,41,41,CHAINSAW
4-165845-A-45.wav,4,train,45,45,TRAIN
4-165845-B-45.wav,4,train,45,45,TRAIN
4-165933-A-45.wav,4,train,45,45,TRAIN
4-166661-A-10.wav,4,rain,10,16,RAIN
4-167063-A-11.wav,4,sea_waves,11,17,SEA_WAVES
4-167063-B-11.wav,4,sea_waves,11,17,SEA_WAVES
4-167063-C-11.wav,4,sea_waves,11,17,SEA_WAVES
4-167077-A-20.wav,4,crying_baby,20,26,BABY_CRY
4-167077-B-20.wav,4,crying_baby,20,26,BABY_CRY
4-167077-C-20.wav,4,crying_baby,20,26,BABY_CRY
4-167155-A-32.wav,4,keyboard_typing,32,34,KEYBOARD
4-167571-A-26.wav,4,laughing,26,4,LAUGH
4-167642-A-21.wav,4,sneezing,21,27,SNEEZE
4-168155-A-15.wav,4,water_drops,15,21,WATERDROP
4-168446-A-45.wav,4,train,45,45,TRAIN
4-168868-A-17.wav,4,pouring_water,17,23,WATER_POUR
4-169127-A-41.wav,4,chainsaw,41,41,CHAINSAW
4-169127-B-41.wav,4,chainsaw,41,41,CHAINSAW
4-169508-A-37.wav,4,clock_alarm,37,39,ALARM
4-169726-A-24.wav,4,coughing,24,3,COUGH
4-170078-A-1.wav,4,rooster,1,7,ROOSTER
4-170247-A-12.wav,4,crackling_fire,12,18,FIRE
4-170247-B-12.wav,4,crackling_fire,12,18,FIRE
4-171207-A-12.wav,4,crackling_fire,12,18,FIRE
4-171396-A-24.wav,4,coughing,24,3,COUGH
4-171519-A-21.wav,4,sneezing,21,27,SNEEZE
4-171652-A-44.wav,4,engine,44,44,ENGINE
4-171706-A-23.wav,4,breathing,23,28,BREATH
4-171823-A-13.wav,4,crickets,13,19,CRICKETS
4-172143-A-13.wav,4,crickets,13,19,CRICKETS
4-172180-A-32.wav,4,keyboard_typing,32,34,KEYBOARD
4-172366-A-37.wav,4,clock_alarm,37,39,ALARM
4-172377-A-17.wav,4,pouring_water,17,23,WATER_POUR
4-172500-A-27.wav,4,brushing_teeth,27,30,BRUSH_TEETH
4-172500-B-27.wav,4,brushing_teeth,27,30,BRUSH_TEETH
4-172500-C-27.wav,4,brushing_teeth,27,30,BRUSH_TEETH
4-172500-D-27.wav,4,brushing_teeth,27,30,BRUSH_TEETH
4-172732-A-36.wav,4,vacuum_cleaner,36,38,VACUUM
4-172733-A-36.wav,4,vacuum_cleaner,36,38,VACUUM
4-172734-A-36.wav,4,vacuum_cleaner,36,38,VACUUM
4-172736-A-36.wav,4,vacuum_cleaner,36,38,VACUUM
4-172736-B-36.wav,4,vacuum_cleaner,36,38,VACUUM
4-172742-A-32.wav,4,keyboard_typing,32,34,KEYBOARD
4-173865-A-9.wav,4,crow,9,15,CROW
4-173865-B-9.wav,4,crow,9,15,CROW
4-174797-A-15.wav,4,water_drops,15,21,WATERDROP
4-174860-A-3.wav,4,cow,3,9,COW
4-174860-B-3.wav,4,cow,3,9,COW
4-175000-A-40.wav,4,helicopter,40,40,HELICOPTER
4-175000-B-40.wav,4,helicopter,40,40,HELICOPTER
4-175000-C-40.wav,4,helicopter,40,40,HELICOPTER
4-175025-A-34.wav,4,can_opening,34,36,CAN_OPEN
4-175845-A-43.wav,4,car_horn,43,43,CAR_HORN
4-175846-A-43.wav,4,car_horn,43,43,CAR_HORN
4-175855-A-43.wav,4,car_horn,43,43,CAR_HORN
4-175856-A-43.wav,4,car_horn,43,43,CAR_HORN
4-175945-A-38.wav,4,clock_tick,38,5,TICK
4-176631-A-43.wav,4,car_horn,43,43,CAR_HORN
4-176638-A-43.wav,4,car_horn,43,43,CAR_HORN
4-176914-A-23.wav,4,breathing,23,28,BREATH
4-177243-A-32.wav,4,keyboard_typing,32,34,KEYBOARD
4-177250-A-10.wav,4,rain,10,16,RAIN
4-177835-A-24.wav,4,coughing,24,3,COUGH
4-178402-A-43.wav,4,car_horn,43,43,CAR_HORN
4-178881-A-45.wav,4,train,45,45,TRAIN
4-179836-A-34.wav,4,can_opening,34,36,CAN_OPEN
4-179984-A-38.wav,4,clock_tick,38,5,TICK
4-180337-A-28.wav,4,snoring,28,31,SNORE
4-180380-A-10.wav,4,rain,10,16,RAIN
4-180453-A-17.wav,4,pouring_water,17,23,WATER_POUR
4-181035-A-38.wav,4,clock_tick,38,5,TICK
4-181286-A-10.wav,4,rain,10,16,RAIN
4-181362-A-13.wav,4,crickets,13,19,CRICKETS
4-181563-A-12.wav,4,crackling_fire,12,18,FIRE
4-181599-A-26.wav,4,laughing,26,4,LAUGH
4-181628-A-17.wav,4,pouring_water,17,23,WATER_POUR
4-181707-A-32.wav,4,keyboard_typing,32,34,KEYBOARD
4-181708-A-32.wav,4,keyboard_typing,32,34,KEYBOARD
4-181865-A-38.wav,4,clock_tick,38,5,TICK
4-181955-A-3.wav,4,cow,3,9,COW
4-181955-B-3.wav,4,cow,3,9,COW
4-181955-C-3.wav,4,cow,3,9,COW
4-181999-A-36.wav,4,vacuum_cleaner,36,38,VACUUM
4-182034-A-30.wav,4,door_wood_knock,30,1,KNOCK
4-182039-A-30.wav,4,door_wood_knock,30,1,KNOCK
4-182041-A-30.wav,4,door_wood_knock,30,1,KNOCK
4-182314-A-7.wav,4,insects,7,13,INSECTS
4-182314-B-7.wav,4,insects,7,13,INSECTS
4-182368-A-12.wav,4,crackling_fire,12,18,FIRE
4-182369-A-12.wav,4,crackling_fire,12,18,FIRE
4-182395-A-0.wav,4,dog,0,6,DOG
4-182613-A-11.wav,4,sea_waves,11,17,SEA_WAVES
4-182613-B-11.wav,4,sea_waves,11,17,SEA_WAVES
4-182795-A-14.wav,4,chirping_birds,14,20,BIRDS
4-182839-A-17.wav,4,pouring_water,17,23,WATER_POUR
4-183487-A-1.wav,4,rooster,1,7,ROOSTER
4-183882-A-28.wav,4,snoring,28,31,SNORE
4-183882-B-28.wav,4,snoring,28,31,SNORE
4-183992-A-0.wav,4,dog,0,6,DOG
4-184235-A-28.wav,4,snoring,28,31,SNORE
4-184237-A-28.wav,4,snoring,28,31,SNORE
4-184434-A-21.wav,4,sneezing,21,27,SNEEZE
4-184575-A-0.wav,4,dog,0,6,DOG
4-185415-A-21.wav,4,sneezing,21,27,SNEEZE
4-185575-A-20.wav,4,crying_baby,20,26,BABY_CRY
4-185575-B-20.wav,4,crying_baby,20,26,BABY_CRY
4-185575-C-20.wav,4,crying_baby,20,26,BABY_CRY
4-185613-A-32.wav,4,keyboard_typing,32,34,KEYBOARD
4-185619-A-21.wav,4,sneezing,21,27,SNEEZE
4-186518-A-30.wav,4,door_wood_knock,30,1,KNOCK
4-186693-A-17.wav,4,pouring_water,17,23,WATER_POUR
4-186935-A-44.wav,4,engine,44,44,ENGINE
4-186936-A-44.wav,4,engine,44,44,ENGINE
4-186938-A-44.wav,4,engine,44,44,ENGINE
4-186940-A-44.wav,4,engine,44,44,ENGINE
4-186962-A-44.wav,4,engine,44,44,ENGINE
4-187284-A-30.wav,4,door_wood_knock,30,1,KNOCK
4-187384-A-34.wav,4,can_opening,34,36,CAN_OPEN
4-187504-A-17.wav,4,pouring_water,17,23,WATER_POUR
4-187504-B-17.wav,4,pouring_water,17,23,WATER_POUR
4-187769-A-14.wav,4,chirping_birds,14,20,BIRDS
4-187769-B-14.wav,4,chirping_birds,14,20,BIRDS
4-188003-A-34.wav,4,can_opening,34,36,CAN_OPEN
4-188033-A-38.wav,4,clock_tick,38,5,TICK
4-188191-A-29.wav,4,drinking_sipping,29,32,DRINKING
4-188191-B-29.wav,4,drinking_sipping,29,32,DRINKING
4-188191-C-29.wav,4,drinking_sipping,29,32,DRINKING
4-188287-A-9.wav,4,crow,9,15,CROW
4-188293-A-15.wav,4,water_drops,15,21,WATERDROP
4-188293-B-15.wav,4,water_drops,15,21,WATERDROP
4-188595-A-29.wav,4,drinking_sipping,29,32,DRINKING
4-188703-A-8.wav,4,sheep,8,14,SHEEP
4-188703-B-8.wav,4,sheep,8,14,SHEEP
4-188703-C-8.wav,4,sheep,8,14,SHEEP
4-188703-D-8.wav,4,sheep,8,14,SHEEP
4-188878-A-30.wav,4,door_wood_knock,30,1,KNOCK
4-189332-A-37.wav,4,clock_alarm,37,39,ALARM
4-189828-A-22.wav,4,clapping,22,0,CLAP
4-189830-A-22.wav,4,clapping,22,0,CLAP
4-189832-A-22.wav,4,clapping,22,0,CLAP
4-189832-B-22.wav,4,clapping,22,0,CLAP
4-189833-A-22.wav,4,clapping,22,0,CLAP
4-189836-A-22.wav,4,clapping,22,0,CLAP
4-189838-A-22.wav,4,clapping,22,0,CLAP
4-191015-A-43.wav,4,car_horn,43,43,CAR_HORN
4-191246-A-7.wav,4,insects,7,13,INSECTS
4-191246-B-7.wav,4,insects,7,13,INSECTS
4-191297-A-28.wav,4,snoring,28,31,SNORE
4-191327-A-38.wav,4,clock_tick,38,5,TICK
4-191687-A-0.wav,4,dog,0,6,DOG
4-192068-A-31.wav,4,mouse_click,31,33,MOUSECLICK
4-192236-A-0.wav,4,dog,0,6,DOG
4-193480-A-40.wav,4,helicopter,40,40,HELICOPTER
4-193480-B-40.wav,4,helicopter,40,40,HELICOPTER
4-194246-A-13.wav,4,crickets,13,19,CRICKETS
4-194680-A-36.wav,4,vacuum_cleaner,36,38,VACUUM
4-194711-A-38.wav,4,clock_tick,38,5,TICK
4-194754-A-0.wav,4,dog,0,6,DOG
4-194808-A-29.wav,4,drinking_sipping,29,32,DRINKING
4-194979-A-25.wav,4,footsteps,25,29,FOOTSTEPS
4-194981-A-25.wav,4,footsteps,25,29,FOOTSTEPS
4-195305-A-31.wav,4,mouse_click,31,33,MOUSECLICK
4-195451-A-44.wav,4,engine,44,44,ENGINE
4-195497-A-11.wav,4,sea_waves,11,17,SEA_WAVES
4-195497-B-11.wav,4,sea_waves,11,17,SEA_WAVES
4-195707-A-13.wav,4,crickets,13,19,CRICKETS
4-195805-A-13.wav,4,crickets,13,19,CRICKETS
4-196671-A-8.wav,4,sheep,8,14,SHEEP
4-196671-B-8.wav,4,sheep,8,14,SHEEP
4-196672-A-8.wav,4,sheep,8,14,SHEEP
4-197103-A-6.wav,4,hen,6,12,HEN
4-197454-A-28.wav,4,snoring,28,31,SNORE
4-197454-B-28.wav,4,snoring,28,31,SNORE
4-197871-A-15.wav,4,water_drops,15,21,WATERDROP
4-198025-A-23.wav,4,breathing,23,28,BREATH
4-198360-A-49.wav,4,hand_saw,49,49,HAND_SAW
4-198360-B-49.wav,4,hand_saw,49,49,HAND_SAW
4-198360-C-49.wav,4,hand_saw,49,49,HAND_SAW
4-198841-A-37.wav,4,clock_alarm,37,39,ALARM
4-198962-A-25.wav,4,footsteps,25,29,FOOTSTEPS
4-198962-B-25.wav,4,footsteps,25,29,FOOTSTEPS
4-198965-A-38.wav,4,clock_tick,38,5,TICK
4-199261-A-0.wav,4,dog,0,6,DOG
4-200330-A-6.wav,4,hen,6,12,HEN
4-200330-B-6.wav,4,hen,6,12,HEN
4-201300-A-31.wav,4,mouse_click,31,33,MOUSECLICK
4-201800-A-31.wav,4,mouse_click,31,33,MOUSECLICK
4-201988-A-44.wav,4,engine,44,44,ENGINE
4-202298-A-31.wav,4,mouse_click,31,33,MOUSECLICK
4-202749-A-13.wav,4,crickets,13,19,CRICKETS
4-204115-A-39.wav,4,glass_breaking,39,2,GLASS
4-204119-A-39.wav,4,glass_breaking,39,2,GLASS
4-204121-A-39.wav,4,glass_breaking,39,2,GLASS
4-204123-A-39.wav,4,glass_breaking,39,2,GLASS
4-204202-A-29.wav,4,drinking_sipping,29,32,DRINKING
4-204612-A-31.wav,4,mouse_click,31,33,MOUSECLICK
4-204618-A-11.wav,4,sea_waves,11,17,SEA_WAVES
4-204683-A-31.wav,4,mouse_click,31,33,MOUSECLICK
4-204684-A-37.wav,4,clock_alarm,37,39,ALARM
4-204777-A-39.wav,4,glass_breaking,39,2,GLASS
4-204777-B-39.wav,4,glass_breaking,39,2,GLASS
4-204777-C-39.wav,4,glass_breaking,39,2,GLASS
4-204830-A-6.wav,4,hen,6,12,HEN
4-205526-A-23.wav,4,breathing,23,28,BREATH
4-205526-B-23.wav,4,breathing,23,28,BREATH
4-205738-A-22.wav,4,clapping,22,0,CLAP
4-207116-A-23.wav,4,breathing,23,28,BREATH
4-207124-A-0.wav,4,dog,0,6,DOG
4-208021-A-1.wav,4,rooster,1,7,ROOSTER
4-209536-A-37.wav,4,clock_alarm,37,39,ALARM
4-209698-A-37.wav,4,clock_alarm,37,39,ALARM
4-210000-A-23.wav,4,breathing,23,28,BREATH
4-210000-B-23.wav,4,breathing,23,28,BREATH
4-210309-A-31.wav,4,mouse_click,31,33,MOUSECLICK
4-210593-A-29.wav,4,drinking_sipping,29,32,DRINKING
4-211502-A-30.wav,4,door_wood_knock,30,1,KNOCK
4-212604-A-15.wav,4,water_drops,15,21,WATERDROP
4-212604-B-15.wav,4,water_drops,15,21,WATERDROP
4-212604-C-15.wav,4,water_drops,15,21,WATERDROP
4-212698-A-39.wav,4,glass_breaking,39,2,GLASS
4-212728-A-34.wav,4,can_opening,34,36,CAN_OPEN
4-213193-A-29.wav,4,drinking_sipping,29,32,DRINKING
4-213915-A-3.wav,4,cow,3,9,COW
4-213915-B-3.wav,4,cow,3,9,COW
4-213915-C-3.wav,4,cow,3,9,COW
4-215635-A-34.wav,4,can_opening,34,36,CAN_OPEN
4-216211-A-14.wav,4,chirping_birds,14,20,BIRDS
4-216349-A-34.wav,4,can_opening,34,36,CAN_OPEN
4-218199-A-35.wav,4,washing_machine,35,37,WASHER
4-218199-B-35.wav,4,washing_machine,35,37,WASHER
4-218199-C-35.wav,4,washing_machine,35,37,WASHER
4-218199-D-35.wav,4,washing_machine,35,37,WASHER
4-218199-E-35.wav,4,washing_machine,35,37,WASHER
4-218199-F-35.wav,4,washing_machine,35,37,WASHER
4-218199-G-35.wav,4,washing_machine,35,37,WASHER
4-218199-H-35.wav,4,washing_machine,35,37,WASHER
4-218304-A-25.wav,4,footsteps,25,29,FOOTSTEPS
4-218304-B-25.wav,4,footsteps,25,29,FOOTSTEPS
4-223125-A-14.wav,4,chirping_birds,14,20,BIRDS
4-223127-A-14.wav,4,chirping_birds,14,20,BIRDS
4-232495-A-6.wav,4,hen,6,12,HEN
4-234644-A-2.wav,4,pig,2,8,PIG
4-234879-A-6.wav,4,hen,6,12,HEN
4-244318-A-6.wav,4,hen,6,12,HEN
4-250864-A-8.wav,4,sheep,8,14,SHEEP
4-250869-A-2.wav,4,pig,2,8,PIG
4-250869-B-2.wav,4,pig,2,8,PIG
4-250869-C-2.wav,4,pig,2,8,PIG
4-251645-A-49.wav,4,hand_saw,49,49,HAND_SAW
4-251645-B-49.wav,4,hand_saw,49,49,HAND_SAW
4-251959-A-47.wav,4,airplane,47,47,AIRPLANE
4-253649-A-6.wav,4,hen,6,12,HEN
4-255371-A-47.wav,4,airplane,47,47,AIRPLANE
4-261068-A-30.wav,4,door_wood_knock,30,1,KNOCK
4-264453-A-34.wav,4,can_opening,34,36,CAN_OPEN
4-59579-A-20.wav,4,crying_baby,20,26,BABY_CRY
4-59579-B-20.wav,4,crying_baby,20,26,BABY_CRY
4-67358-A-42.wav,4,siren,42,42,SIREN
4-80761-A-42.wav,4,siren,42,42,SIREN
4-90014-A-42.wav,4,siren,42,42,SIREN
4-90014-B-42.wav,4,siren,42,42,SIREN
4-99193-A-4.wav,4,frog,4,10,FROG
4-99193-B-4.wav,4,frog,4,10,FROG
4-99644-A-4.wav,4,frog,4,10,FROG
4-99644-B-4.wav,4,frog,4,10,FROG
4-99644-C-4.wav,4,frog,4,10,FROG
4-99644-D-4.wav,4,frog,4,10,FROG
5-103415-A-2.wav,5,pig,2,8,PIG
5-103416-A-2.wav,5,pig,2,8,PIG
5-103418-A-2.wav,5,pig,2,8,PIG
5-103420-A-2.wav,5,pig,2,8,PIG
5-103421-A-2.wav,5,pig,2,8,PIG
5-103422-A-2.wav,5,pig,2,8,PIG
5-117118-A-42.wav,5,siren,42,42,SIREN
5-117120-A-42.wav,5,siren,42,42,SIREN
5-117122-A-42.wav,5,siren,42,42,SIREN
5-117250-A-2.wav,5,pig,2,8,PIG
5-117773-A-16.wav,5,wind,16,22,WIND
5-127990-A-2.wav,5,pig,2,8,PIG
5-133989-A-42.wav,5,siren,42,42,SIREN
5-133989-B-42.wav,5,siren,42,42,SIREN
5-141683-A-35.wav,5,washing_machine,35,37,WASHER
5-147297-A-27.wav,5,brushing_teeth,27,30,BRUSH_TEETH
5-150409-A-42.wav,5,siren,42,42,SIREN
5-151085-A-20.wav,5,crying_baby,20,26,BABY_CRY
5-156026-A-4.wav,5,frog,4,10,FROG
5-156026-B-4.wav,5,frog,4,10,FROG
5-156026-C-4.wav,5,frog,4,10,FROG
5-156026-D-4.wav,5,frog,4,10,FROG
5-156698-A-18.wav,5,toilet_flush,18,24,TOILET
5-156999-A-19.wav,5,thunderstorm,19,25,THUNDER
5-156999-B-19.wav,5,thunderstorm,19,25,THUNDER
5-156999-C-19.wav,5,thunderstorm,19,25,THUNDER
5-156999-D-19.wav,5,thunderstorm,19,25,THUNDER
5-156999-E-19.wav,5,thunderstorm,19,25,THUNDER
5-157204-A-16.wav,5,wind,16,22,WIND
5-157204-B-16.wav,5,wind,16,22,WIND
5-160551-A-42.wav,5,siren,42,42,SIREN
5-160614-A-48.wav,5,fireworks,48,48,FIREWORKS
5-160614-B-48.wav,5,fireworks,48,48,FIREWORKS
5-160614-C-48.wav,5,fireworks,48,48,FIREWORKS
5-160614-D-48.wav,5,fireworks,48,48,FIREWORKS
5-160614-E-48.wav,5,fireworks,48,48,FIREWORKS
5-160614-F-48.wav,5,fireworks,48,48,FIREWORKS
5-160614-G-48.wav,5,fireworks,48,48,FIREWORKS
5-160614-H-48.wav,5,fireworks,48,48,FIREWORKS
5-161270-A-33.wav,5,door_wood_creaks,33,35,DOOR_CREAK
5-161270-B-33.wav,5,door_wood_creaks,33,35,DOOR_CREAK
5-169983-A-5.wav,5,cat,5,11,CAT
5-170338-A-41.wav,5,chainsaw,41,41,CHAINSAW
5-170338-B-41.wav,5,chainsaw,41,41,CHAINSAW
5-171118-A-26.wav,5,laughing,26,4,LAUGH
5-171653-A-41.wav,5,chainsaw,41,41,CHAINSAW
5-172299-A-5.wav,5,cat,5,11,CAT
5-172639-A-5.wav,5,cat,5,11,CAT
5-173568-A-33.wav,5,door_wood_creaks,33,35,DOOR_CREAK
5-177034-A-18.wav,5,toilet_flush,18,24,TOILET
5-177614-A-5.wav,5,cat,5,11,CAT
5-177779-A-33.wav,5,door_wood_creaks,33,35,DOOR_CREAK
5-177957-A-40.wav,5,helicopter,40,40,HELICOPTER
5-177957-B-40.wav,5,helicopter,40,40,HELICOPTER
5-177957-C-40.wav,5,helicopter,40,40,HELICOPTER
5-177957-D-40.wav,5,helicopter,40,40,HELICOPTER
5-177957-E-40.wav,5,helicopter,40,40,HELICOPTER
5-178997-A-24.wav,5,coughing,24,3,COUGH
5-179294-A-46.wav,5,church_bells,46,46,BELLS
5-179496-A-16.wav,5,wind,16,22,WIND
5-179496-B-16.wav,5,wind,16,22,WIND
5-179860-A-43.wav,5,car_horn,43,43,CAR_HORN
5-179863-A-43.wav,5,car_horn,43,43,CAR_HORN
5-179865-A-43.wav,5,car_horn,43,43,CAR_HORN
5-179866-A-43.wav,5,car_horn,43,43,CAR_HORN
5-179868-A-43.wav,5,car_horn,43,43,CAR_HORN
5-180156-A-43.wav,5,car_horn,43,43,CAR_HORN
5-180156-B-43.wav,5,car_horn,43,43,CAR_HORN
5-180156-C-43.wav,5,car_horn,43,43,CAR_HORN
5-180229-A-27.wav,5,brushing_teeth,27,30,BRUSH_TEETH
5-181458-A-33.wav,5,door_wood_creaks,33,35,DOOR_CREAK
5-181766-A-10.wav,5,rain,10,16,RAIN
5-181977-A-35.wav,5,washing_machine,35,37,WASHER
5-182007-A-36.wav,5,vacuum_cleaner,36,38,VACUUM
5-182010-A-36.wav,5,vacuum_cleaner,36,38,VACUUM
5-182012-A-36.wav,5,vacuum_cleaner,36,38,VACUUM
5-182404-A-18.wav,5,toilet_flush,18,24,TOILET
5-184323-A-42.wav,5,siren,42,42,SIREN
5-184871-A-24.wav,5,coughing,24,3,COUGH
5-185516-A-27.wav,5,brushing_teeth,27,30,BRUSH_TEETH
5-185579-A-41.wav,5,chainsaw,41,41,CHAINSAW
5-185579-B-41.wav,5,chainsaw,41,41,CHAINSAW
5-185908-A-18.wav,5,toilet_flush,18,24,TOILET
5-186924-A-12.wav,5,crackling_fire,12,18,FIRE
5-187201-A-4.wav,5,frog,4,10,FROG
5-187201-B-4.wav,5,frog,4,10,FROG
5-187444-A-33.wav,5,door_wood_creaks,33,35,DOOR_CREAK
5-187979-A-21.wav,5,sneezing,21,27,SNEEZE
5-188365-A-36.wav,5,vacuum_cleaner,36,38,VACUUM
5-188495-A-19.wav,5,thunderstorm,19,25,THUNDER
5-188606-A-33.wav,5,door_wood_creaks,33,35,DOOR_CREAK
5-188655-A-10.wav,5,rain,10,16,RAIN
5-188716-A-46.wav,5,church_bells,46,46,BELLS
5-188796-A-45.wav,5,train,45,45,TRAIN
5-188945-A-45.wav,5,train,45,45,TRAIN
5-189212-A-12.wav,5,crackling_fire,12,18,FIRE
5-189237-A-12.wav,5,crackling_fire,12,18,FIRE
5-189795-A-4.wav,5,frog,4,10,FROG
5-191131-A-40.wav,5,helicopter,40,40,HELICOPTER
5-191497-A-33.wav,5,door_wood_creaks,33,35,DOOR_CREAK
5-192191-A-19.wav,5,thunderstorm,19,25,THUNDER
5-193339-A-10.wav,5,rain,10,16,RAIN
5-193473-A-12.wav,5,crackling_fire,12,18,FIRE
5-193473-B-12.wav,5,crackling_fire,12,18,FIRE
5-194533-A-21.wav,5,sneezing,21,27,SNEEZE
5-194892-A-10.wav,5,rain,10,16,RAIN
5-194899-A-3.wav,5,cow,3,9,COW
5-194899-B-3.wav,5,cow,3,9,COW
5-194899-C-3.wav,5,cow,3,9,COW
5-194899-D-3.wav,5,cow,3,9,COW
5-194930-A-1.wav,5,rooster,1,7,ROOSTER
5-194930-B-1.wav,5,rooster,1,7,ROOSTER
5-194932-A-7.wav,5,insects,7,13,INSECTS
5-195517-A-7.wav,5,insects,7,13,INSECTS
5-195518-A-7.wav,5,insects,7,13,INSECTS
5-195557-A-19.wav,5,thunderstorm,19,25,THUNDER
5-195710-A-10.wav,5,rain,10,16,RAIN
5-197118-A-45.wav,5,train,45,45,TRAIN
5-197121-A-45.wav,5,train,45,45,TRAIN
5-197121-B-45.wav,5,train,45,45,TRAIN
5-197446-A-7.wav,5,insects,7,13,INSECTS
5-197913-A-18.wav,5,toilet_flush,18,24,TOILET
5-197988-A-46.wav,5,church_bells,46,46,BELLS
5-198278-A-7.wav,5,insects,7,13,INSECTS
5-198278-B-7.wav,5,insects,7,13,INSECTS
5-198278-C-7.wav,5,insects,7,13,INSECTS
5-198321-A-10.wav,5,rain,10,16,RAIN
5-198373-A-46.wav,5,church_bells,46,46,BELLS
5-198411-A-20.wav,5,crying_baby,20,26,BABY_CRY
5-198411-B-20.wav,5,crying_baby,20,26,BABY_CRY
5-198411-C-20.wav,5,crying_baby,20,26,BABY_CRY
5-198411-D-20.wav,5,crying_baby,20,26,BABY_CRY
5-198411-E-20.wav,5,crying_baby,20,26,BABY_CRY
5-198411-F-20.wav,5,crying_baby,20,26,BABY_CRY
5-198411-G-20.wav,5,crying_baby,20,26,BABY_CRY
5-198600-A-45.wav,5,train,45,45,TRAIN
5-198891-A-8.wav,5,sheep,8,14,SHEEP
5-198891-B-8.wav,5,sheep,8,14,SHEEP
5-198891-C-8.wav,5,sheep,8,14,SHEEP
5-198891-D-8.wav,5,sheep,8,14,SHEEP
5-199284-A-45.wav,5,train,45,45,TRAIN
5-199284-B-45.wav,5,train,45,45,TRAIN
5-200329-A-8.wav,5,sheep,8,14,SHEEP
5-200329-B-8.wav,5,sheep,8,14,SHEEP
5-200329-C-8.wav,5,sheep,8,14,SHEEP
5-200334-A-1.wav,5,rooster,1,7,ROOSTER
5-200334-B-1.wav,5,rooster,1,7,ROOSTER
5-200339-A-1.wav,5,rooster,1,7,ROOSTER
5-200461-A-11.wav,5,sea_waves,11,17,SEA_WAVES
5-200461-B-11.wav,5,sea_waves,11,17,SEA_WAVES
5-201170-A-46.wav,5,church_bells,46,46,BELLS
5-201172-A-46.wav,5,church_bells,46,46,BELLS
5-201194-A-38.wav,5,clock_tick,38,5,TICK
5-201274-A-21.wav,5,sneezing,21,27,SNEEZE
5-201664-A-18.wav,5,toilet_flush,18,24,TOILET
5-202020-A-18.wav,5,toilet_flush,18,24,TOILET
5-202220-A-21.wav,5,sneezing,21,27,SNEEZE
5-202540-A-18.wav,5,toilet_flush,18,24,TOILET
5-202795-A-3.wav,5,cow,3,9,COW
5-202898-A-10.wav,5,rain,10,16,RAIN
5-203128-A-0.wav,5,dog,0,6,DOG
5-203128-B-0.wav,5,dog,0,6,DOG
5-203739-A-10.wav,5,rain,10,16,RAIN
5-204114-A-29.wav,5,drinking_sipping,29,32,DRINKING
5-204352-A-13.wav,5,crickets,13,19,CRICKETS
5-204352-B-13.wav,5,crickets,13,19,CRICKETS
5-204604-A-24.wav,5,coughing,24,3,COUGH
5-204741-A-46.wav,5,church_bells,46,46,BELLS
5-205090-A-32.wav,5,keyboard_typing,32,34,KEYBOARD
5-205589-A-17.wav,5,pouring_water,17,23,WATER_POUR
5-205589-B-17.wav,5,pouring_water,17,23,WATER_POUR
5-205898-A-40.wav,5,helicopter,40,40,HELICOPTER
5-207681-A-24.wav,5,coughing,24,3,COUGH
5-207781-A-17.wav,5,pouring_water,17,23,WATER_POUR
5-207811-A-35.wav,5,washing_machine,35,37,WASHER
5-207811-B-35.wav,5,washing_machine,35,37,WASHER
5-207836-A-29.wav,5,drinking_sipping,29,32,DRINKING
5-207836-B-29.wav,5,drinking_sipping,29,32,DRINKING
5-207836-C-29.wav,5,drinking_sipping,29,32,DRINKING
5-207836-D-29.wav,5,drinking_sipping,29,32,DRINKING
5-208030-A-0.wav,5,dog,0,6,DOG
5-208624-A-38.wav,5,clock_tick,38,5,TICK
5-208761-A-24.wav,5,coughing,24,3,COUGH
5-208810-A-11.wav,5,sea_waves,11,17,SEA_WAVES
5-208810-B-11.wav,5,sea_waves,11,17,SEA_WAVES
5-209698-A-38.wav,5,clock_tick,38,5,TICK
5-209719-A-24.wav,5,coughing,24,3,COUGH
5-209833-A-38.wav,5,clock_tick,38,5,TICK
5-209989-A-22.wav,5,clapping,22,0,CLAP
5-209992-A-44.wav,5,engine,44,44,ENGINE
5-209992-B-44.wav,5,engine,44,44,ENGINE
5-210540-A-13.wav,5,crickets,13,19,CRICKETS
5-210571-A-38.wav,5,clock_tick,38,5,TICK
5-210612-A-37.wav,5,clock_alarm,37,39,ALARM
5-211197-A-24.wav,5,coughing,24,3,COUGH
5-211408-A-37.wav,5,clock_alarm,37,39,ALARM
5-212050-A-27.wav,5,brushing_teeth,27,30,BRUSH_TEETH
5-212054-A-36.wav,5,vacuum_cleaner,36,38,VACUUM
5-212059-A-36.wav,5,vacuum_cleaner,36,38,VACUUM
5-212181-A-38.wav,5,clock_tick,38,5,TICK
5-212454-A-0.wav,5,dog,0,6,DOG
5-212730-A-17.wav,5,pouring_water,17,23,WATER_POUR
5-212734-A-17.wav,5,pouring_water,17,23,WATER_POUR
5-212736-A-17.wav,5,pouring_water,17,23,WATER_POUR
5-213077-A-11.wav,5,sea_waves,11,17,SEA_WAVES
5-213293-A-23.wav,5,breathing,23,28,BREATH
5-213802-A-12.wav,5,crackling_fire,12,18,FIRE
5-213836-A-9.wav,5,crow,9,15,CROW
5-213836-B-9.wav,5,crow,9,15,CROW
5-213836-C-9.wav,5,crow,9,15,CROW
5-213836-D-9.wav,5,crow,9,15,CROW
5-213855-A-0.wav,5,dog,0,6,DOG
5-214362-A-17.wav,5,pouring_water,17,23,WATER_POUR
5-214759-A-5.wav,5,cat,5,11,CAT
5-214759-B-5.wav,5,cat,5,11,CAT
5-214869-A-9.wav,5,crow,9,15,CROW
5-215005-A-32.wav,5,keyboard_typing,32,34,KEYBOARD
5-215172-A-13.wav,5,crickets,13,19,CRICKETS
5-215179-A-13.wav,5,crickets,13,19,CRICKETS
5-215445-A-47.wav,5,airplane,47,47,AIRPLANE
5-215447-A-47.wav,5,airplane,47,47,AIRPLANE
5-215449-A-47.wav,5,airplane,47,47,AIRPLANE
5-215634-A-17.wav,5,pouring_water,17,23,WATER_POUR
5-215658-A-12.wav,5,crackling_fire,12,18,FIRE
5-215658-B-12.wav,5,crackling_fire,12,18,FIRE
5-216131-A-32.wav,5,keyboard_typing,32,34,KEYBOARD
5-216213-A-13.wav,5,crickets,13,19,CRICKETS
5-216214-A-13.wav,5,crickets,13,19,CRICKETS
5-216216-A-13.wav,5,crickets,13,19,CRICKETS
5-216368-A-28.wav,5,snoring,28,31,SNORE
5-216370-A-41.wav,5,chainsaw,41,41,CHAINSAW
5-216370-B-41.wav,5,chainsaw,41,41,CHAINSAW
5-217158-A-0.wav,5,dog,0,6,DOG
5-217186-A-16.wav,5,wind,16,22,WIND
5-217186-B-16.wav,5,wind,16,22,WIND
5-217186-C-16.wav,5,wind,16,22,WIND
5-218196-A-27.wav,5,brushing_teeth,27,30,BRUSH_TEETH
5-218196-B-27.wav,5,brushing_teeth,27,30,BRUSH_TEETH
5-218494-A-22.wav,5,clapping,22,0,CLAP
5-218980-A-30.wav,5,door_wood_knock,30,1,KNOCK
5-218981-A-30.wav,5,door_wood_knock,30,1,KNOCK
5-219044-A-46.wav,5,church_bells,46,46,BELLS
5-219242-A-37.wav,5,clock_alarm,37,39,ALARM
5-219242-B-37.wav,5,clock_alarm,37,39,ALARM
5-219318-A-31.wav,5,mouse_click,31,33,MOUSECLICK
5-219342-A-38.wav,5,clock_tick,38,5,TICK
5-219379-A-11.wav,5,sea_waves,11,17,SEA_WAVES
5-219379-B-11.wav,5,sea_waves,11,17,SEA_WAVES
5-219379-C-11.wav,5,sea_waves,11,17,SEA_WAVES
5-220026-A-21.wav,5,sneezing,21,27,SNEEZE
5-220027-A-21.wav,5,sneezing,21,27,SNEEZE
5-220939-A-27.wav,5,brushing_teeth,27,30,BRUSH_TEETH
5-220955-A-40.wav,5,helicopter,40,40,HELICOPTER
5-221518-A-21.wav,5,sneezing,21,27,SNEEZE
5-221528-A-39.wav,5,glass_breaking,39,2,GLASS
5-221529-A-39.wav,5,glass_breaking,39,2,GLASS
5-221567-A-22.wav,5,clapping,22,0,CLAP
5-221568-A-22.wav,5,clapping,22,0,CLAP
5-221593-A-21.wav,5,sneezing,21,27,SNEEZE
5-221878-A-34.wav,5,can_opening,34,36,CAN_OPEN
5-221950-A-22.wav,5,clapping,22,0,CLAP
5-222041-A-9.wav,5,crow,9,15,CROW
5-222524-A-41.wav,5,chainsaw,41,41,CHAINSAW
5-222894-A-32.wav,5,keyboard_typing,32,34,KEYBOARD
5-223099-A-32.wav,5,keyboard_typing,32,34,KEYBOARD
5-223099-B-32.wav,5,keyboard_typing,32,34,KEYBOARD
5-223103-A-31.wav,5,mouse_click,31,33,MOUSECLICK
5-223176-A-37.wav,5,clock_alarm,37,39,ALARM
5-223317-A-31.wav,5,mouse_click,31,33,MOUSECLICK
5-223810-A-35.wav,5,washing_machine,35,37,WASHER
5-231551-A-36.wav,5,vacuum_cleaner,36,38,VACUUM
5-231762-A-0.wav,5,dog,0,6,DOG
5-232272-A-44.wav,5,engine,44,44,ENGINE
5-232802-A-31.wav,5,mouse_click,31,33,MOUSECLICK
5-232816-A-23.wav,5,breathing,23,28,BREATH
5-233019-A-31.wav,5,mouse_click,31,33,MOUSECLICK
5-233160-A-1.wav,5,rooster,1,7,ROOSTER
5-233260-A-23.wav,5,breathing,23,28,BREATH
5-233312-A-28.wav,5,snoring,28,31,SNORE
5-233605-A-39.wav,5,glass_breaking,39,2,GLASS
5-233607-A-39.wav,5,glass_breaking,39,2,GLASS
5-233645-A-37.wav,5,clock_alarm,37,39,ALARM
5-233787-A-7.wav,5,insects,7,13,INSECTS
5-234145-A-28.wav,5,snoring,28,31,SNORE
5-234247-A-37.wav,5,clock_alarm,37,39,ALARM
5-234263-A-25.wav,5,footsteps,25,29,FOOTSTEPS
5-234335-A-23.wav,5,breathing,23,28,BREATH
5-234855-A-25.wav,5,footsteps,25,29,FOOTSTEPS
5-234879-A-1.wav,5,rooster,1,7,ROOSTER
5-234879-B-1.wav,5,rooster,1,7,ROOSTER
5-234923-A-32.wav,5,keyboard_typing,32,34,KEYBOARD
5-235507-A-44.wav,5,engine,44,44,ENGINE
5-235593-A-23.wav,5,breathing,23,28,BREATH
5-235644-A-30.wav,5,door_wood_knock,30,1,KNOCK
5-235671-A-38.wav,5,clock_tick,38,5,TICK
5-235874-A-28.wav,5,snoring,28,31,SNORE
5-235893-A-28.wav,5,snoring,28,31,SNORE
5-235956-A-47.wav,5,airplane,47,47,AIRPLANE
5-236288-A-28.wav,5,snoring,28,31,SNORE
5-236299-A-34.wav,5,can_opening,34,36,CAN_OPEN
5-237315-A-31.wav,5,mouse_click,31,33,MOUSECLICK
5-237499-A-4.wav,5,frog,4,10,FROG
5-237795-A-34.wav,5,can_opening,34,36,CAN_OPEN
5-238021-A-35.wav,5,washing_machine,35,37,WASHER
5-238492-A-23.wav,5,breathing,23,28,BREATH
5-238926-A-31.wav,5,mouse_click,31,33,MOUSECLICK
5-238938-A-27.wav,5,brushing_teeth,27,30,BRUSH_TEETH
5-240671-A-44.wav,5,engine,44,44,ENGINE
5-241846-A-15.wav,5,water_drops,15,21,WATERDROP
5-242490-A-14.wav,5,chirping_birds,14,20,BIRDS
5-242491-A-14.wav,5,chirping_birds,14,20,BIRDS
5-242492-A-3.wav,5,cow,3,9,COW
5-242711-A-9.wav,5,crow,9,15,CROW
5-242932-A-26.wav,5,laughing,26,4,LAUGH
5-242932-B-26.wav,5,laughing,26,4,LAUGH
5-243025-A-25.wav,5,footsteps,25,29,FOOTSTEPS
5-243036-A-29.wav,5,drinking_sipping,29,32,DRINKING
5-243448-A-14.wav,5,chirping_birds,14,20,BIRDS
5-243449-A-14.wav,5,chirping_birds,14,20,BIRDS
5-243450-A-14.wav,5,chirping_birds,14,20,BIRDS
5-243459-A-14.wav,5,chirping_birds,14,20,BIRDS
5-243459-B-14.wav,5,chirping_birds,14,20,BIRDS
5-243635-A-29.wav,5,drinking_sipping,29,32,DRINKING
5-243773-A-44.wav,5,engine,44,44,ENGINE
5-243773-B-44.wav,5,engine,44,44,ENGINE
5-243783-A-44.wav,5,engine,44,44,ENGINE
5-244178-A-32.wav,5,keyboard_typing,32,34,KEYBOARD
5-244310-A-25.wav,5,footsteps,25,29,FOOTSTEPS
5-244315-A-6.wav,5,hen,6,12,HEN
5-244315-B-6.wav,5,hen,6,12,HEN
5-244315-C-6.wav,5,hen,6,12,HEN
5-244327-A-34.wav,5,can_opening,34,36,CAN_OPEN
5-244459-A-28.wav,5,snoring,28,31,SNORE
5-244526-A-26.wav,5,laughing,26,4,LAUGH
5-244651-A-31.wav,5,mouse_click,31,33,MOUSECLICK
5-244933-A-34.wav,5,can_opening,34,36,CAN_OPEN
5-245040-A-35.wav,5,washing_machine,35,37,WASHER
5-248341-A-6.wav,5,hen,6,12,HEN
5-248341-B-6.wav,5,hen,6,12,HEN
5-248341-C-6.wav,5,hen,6,12,HEN
5-249748-A-28.wav,5,snoring,28,31,SNORE
5-249937-A-22.wav,5,clapping,22,0,CLAP
5-250026-A-30.wav,5,door_wood_knock,30,1,KNOCK
5-250026-B-30.wav,5,door_wood_knock,30,1,KNOCK
5-250258-A-49.wav,5,hand_saw,49,49,HAND_SAW
5-250629-A-37.wav,5,clock_alarm,37,39,ALARM
5-250753-A-34.wav,5,can_opening,34,36,CAN_OPEN
5-251426-A-30.wav,5,door_wood_knock,30,1,KNOCK
5-251426-B-30.wav,5,door_wood_knock,30,1,KNOCK
5-251489-A-24.wav,5,coughing,24,3,COUGH
5-251957-A-47.wav,5,airplane,47,47,AIRPLANE
5-251962-A-47.wav,5,airplane,47,47,AIRPLANE
5-251963-A-47.wav,5,airplane,47,47,AIRPLANE
5-251971-A-47.wav,5,airplane,47,47,AIRPLANE
5-252248-A-34.wav,5,can_opening,34,36,CAN_OPEN
5-253085-A-3.wav,5,cow,3,9,COW
5-253085-B-3.wav,5,cow,3,9,COW
5-253094-A-49.wav,5,hand_saw,49,49,HAND_SAW
5-253094-B-49.wav,5,hand_saw,49,49,HAND_SAW
5-253094-C-49.wav,5,hand_saw,49,49,HAND_SAW
5-253094-D-49.wav,5,hand_saw,49,49,HAND_SAW
5-253101-A-49.wav,5,hand_saw,49,49,HAND_SAW
5-253101-B-49.wav,5,hand_saw,49,49,HAND_SAW
5-253101-C-49.wav,5,hand_saw,49,49,HAND_SAW
5-253534-A-26.wav,5,laughing,26,4,LAUGH
5-254160-A-22.wav,5,clapping,22,0,CLAP
5-254832-A-15.wav,5,water_drops,15,21,WATERDROP
5-254832-B-15.wav,5,water_drops,15,21,WATERDROP
5-256452-A-5.wav,5,cat,5,11,CAT
5-256512-A-30.wav,5,door_wood_knock,30,1,KNOCK
5-257349-A-15.wav,5,water_drops,15,21,WATERDROP
5-257642-A-39.wav,5,glass_breaking,39,2,GLASS
5-257839-A-14.wav,5,chirping_birds,14,20,BIRDS
5-259169-A-5.wav,5,cat,5,11,CAT
5-259180-A-15.wav,5,water_drops,15,21,WATERDROP
5-259514-A-26.wav,5,laughing,26,4,LAUGH
5-259640-A-29.wav,5,drinking_sipping,29,32,DRINKING
5-260011-A-34.wav,5,can_opening,34,36,CAN_OPEN
5-260164-A-23.wav,5,breathing,23,28,BREATH
5-260432-A-39.wav,5,glass_breaking,39,2,GLASS
5-260433-A-39.wav,5,glass_breaking,39,2,GLASS
5-260434-A-39.wav,5,glass_breaking,39,2,GLASS
5-260875-A-35.wav,5,washing_machine,35,37,WASHER
5-261325-A-9.wav,5,crow,9,15,CROW
5-261433-A-15.wav,5,water_drops,15,21,WATERDROP
5-261439-A-15.wav,5,water_drops,15,21,WATERDROP
5-261464-A-23.wav,5,breathing,23,28,BREATH
5-262641-A-15.wav,5,water_drops,15,21,WATERDROP
5-262957-A-22.wav,5,clapping,22,0,CLAP
5-263490-A-25.wav,5,footsteps,25,29,FOOTSTEPS
5-263491-A-25.wav,5,footsteps,25,29,FOOTSTEPS
5-263501-A-25.wav,5,footsteps,25,29,FOOTSTEPS
5-263775-A-26.wav,5,laughing,26,4,LAUGH
5-263775-B-26.wav,5,laughing,26,4,LAUGH
5-263831-A-6.wav,5,hen,6,12,HEN
5-263831-B-6.wav,5,hen,6,12,HEN
5-263902-A-36.wav,5,vacuum_cleaner,36,38,VACUUM
5-51149-A-25.wav,5,footsteps,25,29,FOOTSTEPS
5-61635-A-8.wav,5,sheep,8,14,SHEEP
5-9032-A-0.wav,5,dog,0,6,DOG
